"Empty scope",,"warning","This is a Postfix atom","/abspath.c","143","8","143","21"
"Empty scope",,"warning","This is a Postfix atom","/alias.c","44","10","44","16"
"Empty scope",,"warning","This is a Postfix atom","/alias.c","48","12","48","16"
"Empty scope",,"warning","This is a Postfix atom","/alias.c","53","12","53","18"
"Empty scope",,"warning","This is a Postfix atom","/alias.c","69","12","69","16"
"Empty scope",,"warning","This is a Postfix atom","/strbuf.h","218","10","218","18"
"Empty scope",,"warning","This is a Postfix atom","/delta.h","96","10","96","15"
"Empty scope",,"warning","This is a Postfix atom","/apply.c","2913","5","2913","9"
"Empty scope",,"warning","This is a Postfix atom","/apply.c","584","7","584","9"
"Empty scope",,"warning","This is a Postfix atom","/apply.c","585","16","585","18"
"Empty scope",,"warning","This is a Postfix atom","/apply.c","585","34","585","36"
"Empty scope",,"warning","This is a Postfix atom","/apply.c","585","43","585","45"
"Empty scope",,"warning","This is a Postfix atom","/apply.c","586","16","586","18"
"Empty scope",,"warning","This is a Postfix atom","/apply.c","586","34","586","36"
"Empty scope",,"warning","This is a Postfix atom","/apply.c","586","43","586","45"
"Empty scope",,"warning","This is a Postfix atom","/apply.c","587","16","587","18"
"Empty scope",,"warning","This is a Postfix atom","/apply.c","587","34","587","36"
"Empty scope",,"warning","This is a Postfix atom","/apply.c","563","16","563","18"
"Empty scope",,"warning","This is a Postfix atom","/apply.c","563","34","563","36"
"Empty scope",,"warning","This is a Postfix atom","/apply.c","563","43","563","45"
"Empty scope",,"warning","This is a Postfix atom","/apply.c","564","16","564","18"
"Empty scope",,"warning","This is a Postfix atom","/apply.c","564","34","564","36"
"Empty scope",,"warning","This is a Postfix atom","/apply.c","564","43","564","45"
"Empty scope",,"warning","This is a Postfix atom","/apply.c","565","16","565","18"
"Empty scope",,"warning","This is a Postfix atom","/apply.c","565","34","565","36"
"Empty scope",,"warning","This is a Postfix atom","/apply.c","548","16","548","18"
"Empty scope",,"warning","This is a Postfix atom","/apply.c","548","34","548","36"
"Empty scope",,"warning","This is a Postfix atom","/apply.c","548","43","548","45"
"Empty scope",,"warning","This is a Postfix atom","/apply.c","549","16","549","18"
"Empty scope",,"warning","This is a Postfix atom","/apply.c","549","34","549","36"
"Empty scope",,"warning","This is a Postfix atom","/apply.c","479","13","479","15"
"Empty scope",,"warning","This is a Postfix atom","/apply.c","479","25","479","27"
"Empty scope",,"warning","This is a Postfix atom","/apply.c","446","8","446","15"
"Empty scope",,"warning","This is a Postfix atom","/apply.c","329","13","329","16"
"Empty scope",,"warning","This is a Postfix atom","/apply.c","329","21","329","24"
"Empty scope",,"warning","This is a Postfix atom","/archive-tar.c","387","15","387","30"
"Empty scope",,"warning","This is a Postfix atom","/archive-tar.c","178","14","178","16"
"Empty scope",,"warning","This is a Postfix atom","/archive-tar.c","182","14","182","16"
"Empty scope",,"warning","This is a Postfix atom","/archive-zip.c","258","12","258","14"
"Empty scope",,"warning","This is a Postfix atom","/archive-zip.c","176","9","176","14"
"Empty scope",,"warning","This is a Postfix atom","/archive.c","28","12","28","25"
"Empty scope",,"warning","This is a Postfix atom","/argv-array.c","20","14","20","26"
"Empty scope",,"warning","This is a Postfix atom","/attr.c","696","19","696","24"
"Empty scope",,"warning","This is a Postfix atom","/attr.c","686","13","686","30"
"Empty scope",,"warning","This is a Postfix atom","/attr.c","636","23","636","33"
"Empty scope",,"warning","This is a Postfix atom","/attr.c","527","22","527","38"
"Empty scope",,"warning","This is a Postfix atom","/attr.c","204","14","204","19"
"Empty scope",,"warning","This is a Postfix atom","/base85.c","86","19","86","24"
"Empty scope",,"warning","This is a Postfix atom","/base85.c","50","10","50","17"
"Empty scope",,"warning","This is a Postfix atom","/base85.c","56","9","56","16"
"Empty scope",,"warning","This is a Postfix atom","/base85.c","71","5","71","9"
"Empty scope",,"warning","This is a Postfix atom","/bisect.c","718","6","718","8"
"Empty scope",,"warning","This is a Postfix atom","/bisect.c","720","7","720","9"
"Empty scope",,"warning","This is a Postfix atom","/bisect.c","264","28","264","30"
"Empty scope",,"warning","This is a Postfix atom","/blame.c","1637","4","1637","11"
"Empty scope",,"warning","This is a Postfix atom","/blame.c","1211","15","1211","17"
"Empty scope",,"warning","This is a Postfix atom","/git-compat-util.h","483","12","483","16"
"Empty scope",,"warning","This is a Postfix atom","/git-compat-util.h","483","22","483","29"
"Empty scope",,"warning","This is a Postfix atom","/builtin/add.c","137","30","137","34"
"Empty scope",,"warning","This is a Postfix atom","/builtin/add.c","139","5","139","9"
"Empty scope",,"warning","This is a Postfix atom","/builtin/am.c","275","4","275","7"
"Empty scope",,"warning","This is a Postfix atom","/builtin/blame.c","461","28","461","34"
"Empty scope",,"warning","This is a Postfix atom","/builtin/blame.c","437","10","437","13"
"Empty scope",,"warning","This is a Postfix atom","/builtin/blame.c","360","10","360","13"
"Empty scope",,"warning","This is a Postfix atom","/builtin/cat-file.c","507","7","507","9"
"Empty scope",,"warning","This is a Postfix atom","/builtin/check-ref-format.c","28","16","28","24"
"Empty scope",,"warning","This is a Postfix atom","/builtin/check-ref-format.c","32","4","32","7"
"Empty scope",,"warning","This is a Postfix atom","/builtin/clean.c","878","41","878","45"
"Empty scope",,"warning","This is a Postfix atom","/builtin/clean.c","881","17","881","21"
"Empty scope",,"warning","This is a Postfix atom","/builtin/clean.c","886","23","886","27"
"Empty scope",,"warning","This is a Postfix atom","/builtin/clean.c","632","12","632","14"
"Empty scope",,"warning","This is a Postfix atom","/builtin/clean.c","462","13","462","15"
"Empty scope",,"warning","This is a Postfix atom","/builtin/clone.c","297","5","297","9"
"Empty scope",,"warning","This is a Postfix atom","/builtin/commit.c","1005","25","1005","27"
"Empty scope",,"warning","This is a Postfix atom","/builtin/commit.c","863","5","863","17"
"Empty scope",,"warning","This is a Postfix atom","/builtin/commit.c","871","5","871","17"
"Empty scope",,"warning","This is a Postfix atom","/builtin/commit.c","878","5","878","17"
"Empty scope",,"warning","This is a Postfix atom","/builtin/config.c","189","38","189","49"
"Empty scope",,"warning","This is a Postfix atom","/builtin/describe.c","567","10","567","15"
"Empty scope",,"warning","This is a Postfix atom","/builtin/describe.c","568","14","568","19"
"Empty scope",,"warning","This is a Postfix atom","/builtin/describe.c","345","43","345","53"
"Empty scope",,"warning","This is a Postfix atom","/builtin/diff-tree.c","46","16","46","18"
"Empty scope",,"warning","This is a Postfix atom","/builtin/diff-tree.c","26","18","26","20"
"Empty scope",,"warning","This is a Postfix atom","/builtin/fast-export.c","644","38","644","46"
"Empty scope",,"warning","This is a Postfix atom","/builtin/fast-export.c","513","17","513","30"
"Empty scope",,"warning","This is a Postfix atom","/builtin/fast-export.c","486","41","486","49"
"Empty scope",,"warning","This is a Postfix atom","/builtin/fast-export.c","440","29","440","37"
"Empty scope",,"warning","This is a Postfix atom","/builtin/fast-export.c","332","37","332","45"
"Empty scope",,"warning","This is a Postfix atom","/builtin/fast-export.c","310","30","310","38"
"Empty scope",,"warning","This is a Postfix atom","/builtin/fast-export.c","212","41","212","49"
"Empty scope",,"warning","This is a Postfix atom","/builtin/fast-export.c","155","23","155","28"
"Empty scope",,"warning","This is a Postfix atom","/builtin/fetch-pack.c","152","15","152","17"
"Empty scope",,"warning","This is a Postfix atom","/builtin/fetch.c","1302","10","1302","12"
"Empty scope",,"warning","This is a Postfix atom","/builtin/fetch.c","1305","10","1305","12"
"Empty scope",,"warning","This is a Postfix atom","/builtin/fetch.c","105","16","105","26"
"Empty scope",,"warning","This is a Postfix atom","/builtin/fmt-merge-msg.c","504","8","504","19"
"Empty scope",,"warning","This is a Postfix atom","/builtin/grep.c","152","11","152","13"
"Empty scope",,"warning","This is a Postfix atom","/builtin/index-pack.c","1542","17","1542","34"
"Empty scope",,"warning","This is a Postfix atom","/builtin/index-pack.c","1317","38","1317","49"
"Empty scope",,"warning","This is a Postfix atom","/builtin/index-pack.c","1324","10","1324","12"
"Empty scope",,"warning","This is a Postfix atom","/builtin/index-pack.c","1328","9","1328","11"
"Empty scope",,"warning","This is a Postfix atom","/builtin/index-pack.c","1107","7","1107","21"
"Empty scope",,"warning","This is a Postfix atom","/builtin/index-pack.c","908","10","908","19"
"Empty scope",,"warning","This is a Postfix atom","/builtin/log.c","521","35","521","46"
"Empty scope",,"warning","This is a Postfix atom","/builtin/ls-remote.c","26","16","26","24"
"Empty scope",,"warning","This is a Postfix atom","/builtin/mailsplit.c","333","22","333","27"
"Empty scope",,"warning","This is a Postfix atom","/builtin/merge-base.c","260","9","260","14"
"Empty scope",,"warning","This is a Postfix atom","/builtin/merge-base.c","261","7","261","14"
"Empty scope",,"warning","This is a Postfix atom","/builtin/merge-base.c","261","41","261","46"
"Empty scope",,"warning","This is a Postfix atom","/builtin/merge-base.c","131","15","131","24"
"Empty scope",,"warning","This is a Postfix atom","/builtin/merge-file.c","20","8","20","20"
"Empty scope",,"warning","This is a Postfix atom","/builtin/merge-index.c","91","13","91","15"
"Empty scope",,"warning","This is a Postfix atom","/builtin/merge-recursive.c","52","10","52","22"
"Empty scope",,"warning","This is a Postfix atom","/builtin/merge.c","619","13","619","22"
"Empty scope",,"warning","This is a Postfix atom","/builtin/merge.c","622","13","622","22"
"Empty scope",,"warning","This is a Postfix atom","/builtin/merge.c","625","13","625","22"
"Empty scope",,"warning","This is a Postfix atom","/builtin/merge.c","305","7","305","9"
"Empty scope",,"warning","This is a Postfix atom","/builtin/merge.c","307","8","307","10"
"Empty scope",,"warning","This is a Postfix atom","/builtin/merge.c","308","7","308","9"
"Empty scope",,"warning","This is a Postfix atom","/builtin/merge.c","309","7","309","9"
"Empty scope",,"warning","This is a Postfix atom","/builtin/merge.c","310","7","310","9"
"Empty scope",,"warning","This is a Postfix atom","/builtin/merge.c","287","7","287","9"
"Empty scope",,"warning","This is a Postfix atom","/builtin/merge.c","289","8","289","10"
"Empty scope",,"warning","This is a Postfix atom","/builtin/merge.c","290","7","290","9"
"Empty scope",,"warning","This is a Postfix atom","/builtin/merge.c","291","7","291","9"
"Empty scope",,"warning","This is a Postfix atom","/builtin/merge.c","292","7","292","9"
"Empty scope",,"warning","This is a Postfix atom","/builtin/merge.c","293","7","293","9"
"Empty scope",,"warning","This is a Postfix atom","/builtin/merge.c","187","8","187","17"
"Empty scope",,"warning","This is a Postfix atom","/builtin/merge.c","167","17","167","35"
"Empty scope",,"warning","This is a Postfix atom","/builtin/mktag.c","89","22","89","31"
"Empty scope",,"warning","This is a Postfix atom","/builtin/mktree.c","98","3","98","7"
"Empty scope",,"warning","This is a Postfix atom","/builtin/mktree.c","32","10","32","15"
"Empty scope",,"warning","This is a Postfix atom","/builtin/mv.c","68","14","68","18"
"Empty scope",,"warning","This is a Postfix atom","/builtin/pack-objects.c","2434","14","2434","16"
"Empty scope",,"warning","This is a Postfix atom","/builtin/pack-objects.c","1997","12","1997","17"
"Empty scope",,"warning","This is a Postfix atom","/builtin/pack-objects.c","1880","10","1880","17"
"Empty scope",,"warning","This is a Postfix atom","/builtin/pack-objects.c","1904","9","1904","16"
"Empty scope",,"warning","This is a Postfix atom","/builtin/pack-objects.c","1688","17","1688","29"
"Empty scope",,"warning","This is a Postfix atom","/builtin/pack-objects.c","1433","12","1433","19"
"Empty scope",,"warning","This is a Postfix atom","/builtin/pack-objects.c","1442","13","1442","20"
"Empty scope",,"warning","This is a Postfix atom","/builtin/pack-objects.c","1337","16","1337","35"
"Empty scope",,"warning","This is a Postfix atom","/builtin/pack-objects.c","579","5","579","13"
"Empty scope",,"warning","This is a Postfix atom","/builtin/pack-objects.c","548","15","548","26"
"Empty scope",,"warning","This is a Postfix atom","/builtin/pack-objects.c","102","18","102","37"
"Empty scope",,"warning","This is a Postfix atom","/builtin/pack-redundant.c","638","27","638","29"
"Empty scope",,"warning","This is a Postfix atom","/builtin/patch-id.c","21","15","21","19"
"Empty scope",,"warning","This is a Postfix atom","/builtin/patch-id.c","23","5","23","9"
"Empty scope",,"warning","This is a Postfix atom","/builtin/prune.c","127","23","127","28"
"Empty scope",,"warning","This is a Postfix atom","/builtin/pull.c","458","12","458","17"
"Empty scope",,"warning","This is a Postfix atom","/builtin/pull.c","241","9","241","15"
"Empty scope",,"warning","This is a Postfix atom","/builtin/read-tree.c","35","8","35","17"
"Empty scope",,"warning","This is a Postfix atom","/builtin/receive-pack.c","1539","7","1539","9"
"Empty scope",,"warning","This is a Postfix atom","/builtin/receive-pack.c","1541","7","1541","9"
"Empty scope",,"warning","This is a Postfix atom","/builtin/receive-pack.c","331","6","331","9"
"Empty scope",,"warning","This is a Postfix atom","/builtin/reflog.c","390","8","390","15"
"Empty scope",,"warning","This is a Postfix atom","/builtin/reset.c","240","11","240","16"
"Empty scope",,"warning","This is a Postfix atom","/builtin/rev-parse.c","562","8","562","12"
"Empty scope",,"warning","This is a Postfix atom","/builtin/rev-parse.c","439","9","439","13"
"Empty scope",,"warning","This is a Postfix atom","/builtin/rev-parse.c","454","13","454","17"
"Empty scope",,"warning","This is a Postfix atom","/builtin/rev-parse.c","486","13","486","15"
"Empty scope",,"warning","This is a Postfix atom","/builtin/rev-parse.c","104","17","104","21"
"Empty scope",,"warning","This is a Postfix atom","/builtin/rev-parse.c","86","22","86","24"
"Empty scope",,"warning","This is a Postfix atom","/builtin/revert.c","54","14","54","29"
"Empty scope",,"warning","This is a Postfix atom","/builtin/rm.c","287","18","287","26"
"Empty scope",,"warning","This is a Postfix atom","/builtin/show-branch.c","437","8","437","13"
"Empty scope",,"warning","This is a Postfix atom","/builtin/show-branch.c","381","11","381","24"
"Empty scope",,"warning","This is a Postfix atom","/builtin/show-ref.c","64","16","64","18"
"Empty scope",,"warning","This is a Postfix atom","/builtin/submodule--helper.c","958","22","958","44"
"Empty scope",,"warning","This is a Postfix atom","/builtin/submodule--helper.c","286","26","286","44"
"Empty scope",,"warning","This is a Postfix atom","/builtin/submodule--helper.c","254","17","254","26"
"Empty scope",,"warning","This is a Postfix atom","/builtin/update-index.c","343","47","343","51"
"Empty scope",,"warning","This is a Postfix atom","/builtin/update-ref.c","38","23","38","28"
"Empty scope",,"warning","This is a Postfix atom","/builtin/verify-commit.c","92","26","92","28"
"Empty scope",,"warning","This is a Postfix atom","/builtin/verify-tag.c","62","27","62","29"
"Empty scope",,"warning","This is a Postfix atom","/bulk-checkin.c","253","18","253","36"
"Empty scope",,"warning","This is a Postfix atom","/bundle.c","232","7","232","12"
"Empty scope",,"warning","This is a Postfix atom","/bundle.c","236","7","236","12"
"Empty scope",,"warning","This is a Postfix atom","/cache-tree.c","213","9","213","13"
"Empty scope",,"warning","This is a Postfix atom","/color.c","272","3","272","13"
"Empty scope",,"warning","This is a Postfix atom","/color.c","273","3","273","10"
"Empty scope",,"warning","This is a Postfix atom","/color.c","281","5","281","12"
"Empty scope",,"warning","This is a Postfix atom","/color.c","286","5","286","12"
"Empty scope",,"warning","This is a Postfix atom","/color.c","292","5","292","12"
"Empty scope",,"warning","This is a Postfix atom","/color.c","296","3","296","10"
"Empty scope",,"warning","This is a Postfix atom","/color.c","298","2","298","7"
"Empty scope",,"warning","This is a Postfix atom","/color.c","183","4","183","8"
"Empty scope",,"warning","This is a Postfix atom","/color.c","184","4","184","8"
"Empty scope",,"warning","This is a Postfix atom","/combine-diff.c","1298","11","1298","13"
"Empty scope",,"warning","This is a Postfix atom","/combine-diff.c","808","30","808","34"
"Empty scope",,"warning","This is a Postfix atom","/combine-diff.c","540","10","540","12"
"Empty scope",,"warning","This is a Postfix atom","/combine-diff.c","560","11","560","13"
"Empty scope",,"warning","This is a Postfix atom","/combine-diff.c","572","10","572","12"
"Empty scope",,"warning","This is a Postfix atom","/commit.c","1414","22","1414","26"
"Empty scope",,"warning","This is a Postfix atom","/commit.c","1464","10","1464","14"
"Empty scope",,"warning","This is a Postfix atom","/commit.c","1125","22","1125","29"
"Empty scope",,"warning","This is a Postfix atom","/commit.c","1082","10","1082","12"
"Empty scope",,"warning","This is a Postfix atom","/commit.c","978","8","978","10"
"Empty scope",,"warning","This is a Postfix atom","/commit.c","923","9","923","16"
"Empty scope",,"warning","This is a Postfix atom","/commit.c","941","10","941","17"
"Empty scope",,"warning","This is a Postfix atom","/commit.c","944","10","944","12"
"Empty scope",,"warning","This is a Postfix atom","/commit.c","158","18","158","23"
"Empty scope",,"warning","This is a Postfix atom","/commit.c","78","24","78","28"
"Empty scope",,"warning","This is a Postfix atom","/commit.c","84","24","84","28"
"Empty scope",,"warning","This is a Postfix atom","/commit.c","89","24","89","28"
"Empty scope",,"warning","This is a Postfix atom","/compat/regex/regex_internal.c","1600","15","1600","25"
"Empty scope",,"warning","This is a Postfix atom","/compat/regex/regex_internal.c","1362","14","1362","25"
"Empty scope",,"warning","This is a Postfix atom","/compat/regex/regex_internal.c","1238","36","1238","39"
"Empty scope",,"warning","This is a Postfix atom","/compat/regex/regex_internal.c","1264","21","1264","27"
"Empty scope",,"warning","This is a Postfix atom","/compat/regex/regex_internal.c","1264","44","1264","47"
"Empty scope",,"warning","This is a Postfix atom","/compat/regex/regex_internal.c","1180","16","1180","19"
"Empty scope",,"warning","This is a Postfix atom","/compat/regex/regex_internal.c","1180","36","1180","39"
"Empty scope",,"warning","This is a Postfix atom","/compat/regex/regex_internal.c","1185","19","1185","22"
"Empty scope",,"warning","This is a Postfix atom","/compat/regex/regex_internal.c","1185","39","1185","42"
"Empty scope",,"warning","This is a Postfix atom","/compat/regex/regex_internal.c","1131","23","1131","29"
"Empty scope",,"warning","This is a Postfix atom","/compat/regex/regex_internal.c","1131","46","1131","49"
"Empty scope",,"warning","This is a Postfix atom","/compat/regex/regex_internal.c","878","12","878","38"
"Empty scope",,"warning","This is a Postfix atom","/compat/regex/regex_internal.c","907","44","907","58"
"Empty scope",,"warning","This is a Postfix atom","/compat/regex/regcomp.c","3784","39","3784","65"
"Empty scope",,"warning","This is a Postfix atom","/compat/regex/regcomp.c","3392","7","3392","35"
"Empty scope",,"warning","This is a Postfix atom","/compat/regex/regcomp.c","2446","14","2446","28"
"Empty scope",,"warning","This is a Postfix atom","/compat/regex/regexec.c","4325","18","4325","34"
"Empty scope",,"warning","This is a Postfix atom","/compat/regex/regexec.c","4270","20","4270","38"
"Empty scope",,"warning","This is a Postfix atom","/compat/regex/regexec.c","3304","10","3304","14"
"Empty scope",,"warning","This is a Postfix atom","/compat/regex/regexec.c","2699","14","2699","20"
"Empty scope",,"warning","This is a Postfix atom","/compat/regex/regexec.c","2786","17","2786","31"
"Empty scope",,"warning","This is a Postfix atom","/compat/regex/regexec.c","2284","8","2284","42"
"Empty scope",,"warning","This is a Postfix atom","/compat/regex/regexec.c","2214","29","2214","35"
"Empty scope",,"warning","This is a Postfix atom","/compat/regex/regexec.c","1988","15","1988","19"
"Empty scope",,"warning","This is a Postfix atom","/config.c","2701","13","2701","15"
"Empty scope",,"warning","This is a Postfix atom","/config.c","2716","22","2716","24"
"Empty scope",,"warning","This is a Postfix atom","/config.c","1695","27","1695","39"
"Empty scope",,"warning","This is a Postfix atom","/config.c","95","26","95","42"
"Empty scope",,"warning","This is a Postfix atom","/config.c","78","9","78","35"
"Empty scope",,"warning","This is a Postfix atom","/connect.c","70","4","70","11"
"Empty scope",,"warning","This is a Postfix atom","/convert.c","1567","10","1567","16"
"Empty scope",,"warning","This is a Postfix atom","/convert.c","1305","10","1305","12"
"Empty scope",,"warning","This is a Postfix atom","/convert.c","1329","12","1329","14"
"Empty scope",,"warning","This is a Postfix atom","/convert.c","1336","12","1336","14"
"Empty scope",,"warning","This is a Postfix atom","/convert.c","1357","11","1357","13"
"Empty scope",,"warning","This is a Postfix atom","/convert.c","812","9","812","12"
"Empty scope",,"warning","This is a Postfix atom","/convert.c","832","10","832","13"
"Empty scope",,"warning","This is a Postfix atom","/convert.c","333","23","333","27"
"Empty scope",,"warning","This is a Postfix atom","/convert.c","335","6","335","10"
"Empty scope",,"warning","This is a Postfix atom","/convert.c","339","23","339","27"
"Empty scope",,"warning","This is a Postfix atom","/convert.c","341","6","341","10"
"Empty scope",,"warning","This is a Postfix atom","/credential-cache--daemon.c","21","15","21","26"
"Empty scope",,"warning","This is a Postfix atom","/credential.c","369","5","369","7"
"Empty scope",,"warning","This is a Postfix atom","/credential.c","160","4","160","10"
"Empty scope",,"warning","This is a Postfix atom","/daemon.c","997","18","997","31"
"Empty scope",,"warning","This is a Postfix atom","/daemon.c","728","8","728","12"
"Empty scope",,"warning","This is a Postfix atom","/daemon.c","314","3","314","7"
"Empty scope",,"warning","This is a Postfix atom","/daemon.c","315","3","315","7"
"Empty scope",,"warning","This is a Postfix atom","/daemon.c","316","3","316","7"
"Empty scope",,"warning","This is a Postfix atom","/daemon.c","317","3","317","7"
"Empty scope",,"warning","This is a Postfix atom","/daemon.c","318","3","318","7"
"Empty scope",,"warning","This is a Postfix atom","/daemon.c","319","3","319","7"
"Empty scope",,"warning","This is a Postfix atom","/daemon.c","320","3","320","7"
"Empty scope",,"warning","This is a Postfix atom","/diff-delta.c","343","7","343","14"
"Empty scope",,"warning","This is a Postfix atom","/diff-delta.c","346","6","346","13"
"Empty scope",,"warning","This is a Postfix atom","/diff-delta.c","351","7","351","14"
"Empty scope",,"warning","This is a Postfix atom","/diff-delta.c","354","6","354","13"
"Empty scope",,"warning","This is a Postfix atom","/diff-delta.c","364","7","364","14"
"Empty scope",,"warning","This is a Postfix atom","/diff-delta.c","387","12","387","21"
"Empty scope",,"warning","This is a Postfix atom","/diff-delta.c","387","27","387","31"
"Empty scope",,"warning","This is a Postfix atom","/diff-delta.c","402","8","402","15"
"Empty scope",,"warning","This is a Postfix atom","/diff-delta.c","402","21","402","26"
"Empty scope",,"warning","This is a Postfix atom","/diff-delta.c","434","15","434","22"
"Empty scope",,"warning","This is a Postfix atom","/diff-delta.c","438","9","438","16"
"Empty scope",,"warning","This is a Postfix atom","/diff-delta.c","440","9","440","16"
"Empty scope",,"warning","This is a Postfix atom","/diff-delta.c","442","9","442","16"
"Empty scope",,"warning","This is a Postfix atom","/diff-delta.c","444","9","444","16"
"Empty scope",,"warning","This is a Postfix atom","/diff-delta.c","447","9","447","16"
"Empty scope",,"warning","This is a Postfix atom","/diff-delta.c","449","9","449","16"
"Empty scope",,"warning","This is a Postfix atom","/diff-delta.c","199","14","199","20"
"Empty scope",,"warning","This is a Postfix atom","/diff-delta.c","286","5","286","18"
"Empty scope",,"warning","This is a Postfix atom","/diff-no-index.c","165","38","165","41"
"Empty scope",,"warning","This is a Postfix atom","/diff-no-index.c","172","38","172","41"
"Empty scope",,"warning","This is a Postfix atom","/diff.c","6028","3","6028","7"
"Empty scope",,"warning","This is a Postfix atom","/diff.c","6029","3","6029","7"
"Empty scope",,"warning","This is a Postfix atom","/diff.c","5344","5","5344","9"
"Empty scope",,"warning","This is a Postfix atom","/diff.c","4948","15","4948","25"
"Empty scope",,"warning","This is a Postfix atom","/diff.c","4906","7","4906","11"
"Empty scope",,"warning","This is a Postfix atom","/diff.c","4908","9","4908","13"
"Empty scope",,"warning","This is a Postfix atom","/diff.c","4912","22","4912","26"
"Empty scope",,"warning","This is a Postfix atom","/diff.c","4915","22","4915","26"
"Empty scope",,"warning","This is a Postfix atom","/diff.c","4918","22","4918","26"
"Empty scope",,"warning","This is a Postfix atom","/diff.c","3039","8","3039","12"
"Empty scope",,"warning","This is a Postfix atom","/diff.c","2218","18","2218","31"
"Empty scope",,"warning","This is a Postfix atom","/diff.c","960","9","960","16"
"Empty scope",,"warning","This is a Postfix atom","/diff.c","698","31","698","54"
"Empty scope",,"warning","This is a Postfix atom","/diff.c","485","13","485","18"
"Empty scope",,"warning","This is a Postfix atom","/diff.c","486","9","486","14"
"Empty scope",,"warning","This is a Postfix atom","/diffcore-delta.c","143","21","143","25"
"Empty scope",,"warning","This is a Postfix atom","/diffcore-delta.c","92","19","92","26"
"Empty scope",,"warning","This is a Postfix atom","/diffcore-delta.c","68","37","68","44"
"Empty scope",,"warning","This is a Postfix atom","/dir-iterator.c","90","27","90","43"
"Empty scope",,"warning","This is a Postfix atom","/dir.c","2659","10","2659","20"
"Empty scope",,"warning","This is a Postfix atom","/dir.c","2165","18","2165","20"
"Empty scope",,"warning","This is a Postfix atom","/dir.c","1772","29","1772","44"
"Empty scope",,"warning","This is a Postfix atom","/dir.c","1682","17","1682","35"
"Empty scope",,"warning","This is a Postfix atom","/dir.c","1518","22","1518","26"
"Empty scope",,"warning","This is a Postfix atom","/dir.c","1326","48","1326","52"
"Empty scope",,"warning","This is a Postfix atom","/dir.c","1278","22","1278","38"
"Empty scope",,"warning","This is a Postfix atom","/dir.c","1267","22","1267","30"
"Empty scope",,"warning","This is a Postfix atom","/dir.c","852","18","852","28"
"Empty scope",,"warning","This is a Postfix atom","/dir.c","776","8","776","13"
"Empty scope",,"warning","This is a Postfix atom","/dir.c","795","7","795","12"
"Empty scope",,"warning","This is a Postfix atom","/dir.c","599","15","599","22"
"Empty scope",,"warning","This is a Postfix atom","/dir.c","527","22","527","28"
"Empty scope",,"warning","This is a Postfix atom","/dir.c","214","8","214","11"
"Empty scope",,"warning","This is a Postfix atom","/dir.c","60","8","60","10"
"Empty scope",,"warning","This is a Postfix atom","/ewah/bitmap.c","151","14","151","18"
"Empty scope",,"warning","This is a Postfix atom","/ewah/bitmap.c","138","15","138","17"
"Empty scope",,"warning","This is a Postfix atom","/ewah/bitmap.c","102","17","102","19"
"Empty scope",,"warning","This is a Postfix atom","/ewah/ewah_bitmap.c","707","39","707","41"
"Empty scope",,"warning","This is a Postfix atom","/ewah/ewah_bitmap.c","697","14","697","31"
"Empty scope",,"warning","This is a Postfix atom","/ewah/ewah_bitmap.c","147","18","147","36"
"Empty scope",,"warning","This is a Postfix atom","/ewah/ewah_bitmap.c","51","15","51","33"
"Empty scope",,"warning","This is a Postfix atom","/exec_cmd.c","155","14","155","19"
"Empty scope",,"warning","This is a Postfix atom","/fast-import.c","3108","8","3108","13"
"Empty scope",,"warning","This is a Postfix atom","/fast-import.c","2566","8","2566","10"
"Empty scope",,"warning","This is a Postfix atom","/fast-import.c","2400","8","2400","10"
"Empty scope",,"warning","This is a Postfix atom","/fast-import.c","2358","7","2358","11"
"Empty scope",,"warning","This is a Postfix atom","/fast-import.c","2258","13","2258","30"
"Empty scope",,"warning","This is a Postfix atom","/fast-import.c","2210","8","2210","10"
"Empty scope",,"warning","This is a Postfix atom","/fast-import.c","2210","24","2210","26"
"Empty scope",,"warning","This is a Postfix atom","/fast-import.c","2211","8","2211","10"
"Empty scope",,"warning","This is a Postfix atom","/fast-import.c","2211","24","2211","26"
"Empty scope",,"warning","This is a Postfix atom","/fast-import.c","2212","8","2212","10"
"Empty scope",,"warning","This is a Postfix atom","/fast-import.c","1622","13","1622","28"
"Empty scope",,"warning","This is a Postfix atom","/fast-import.c","1523","15","1523","17"
"Empty scope",,"warning","This is a Postfix atom","/fast-import.c","1424","14","1424","29"
"Empty scope",,"warning","This is a Postfix atom","/fast-import.c","1381","15","1381","19"
"Empty scope",,"warning","This is a Postfix atom","/fast-import.c","934","26","934","28"
"Empty scope",,"warning","This is a Postfix atom","/fast-import.c","936","6","936","8"
"Empty scope",,"warning","This is a Postfix atom","/fast-import.c","850","10","850","12"
"Empty scope",,"warning","This is a Postfix atom","/fast-import.c","632","9","632","13"
"Empty scope",,"warning","This is a Postfix atom","/fast-import.c","633","17","633","19"
"Empty scope",,"warning","This is a Postfix atom","/fast-import.c","569","6","569","24"
"Empty scope",,"warning","This is a Postfix atom","/fetch-pack.c","91","15","91","25"
"Empty scope",,"warning","This is a Postfix atom","/fsck.c","256","13","256","22"
"Empty scope",,"warning","This is a Postfix atom","/fsck.c","264","22","264","31"
"Empty scope",,"warning","This is a Postfix atom","/fsck.c","103","7","103","11"
"Empty scope",,"warning","This is a Postfix atom","/fsck.c","103","24","103","28"
"Empty scope",,"warning","This is a Postfix atom","/grep.c","782","9","782","12"
"Empty scope",,"warning","This is a Postfix atom","/hashmap.c","267","30","267","45"
"Empty scope",,"warning","This is a Postfix atom","/hashmap.c","62","21","62","27"
"Empty scope",,"warning","This is a Postfix atom","/hashmap.c","45","21","45","27"
"Empty scope",,"warning","This is a Postfix atom","/hashmap.c","34","21","34","27"
"Empty scope",,"warning","This is a Postfix atom","/hashmap.c","21","31","21","35"
"Empty scope",,"warning","This is a Postfix atom","/hashmap.c","13","31","13","35"
"Empty scope",,"warning","This is a Postfix atom","/help.c","347","42","347","44"
"Empty scope",,"warning","This is a Postfix atom","/help.c","271","15","271","25"
"Empty scope",,"warning","This is a Postfix atom","/help.c","68","16","68","19"
"Empty scope",,"warning","This is a Postfix atom","/help.c","68","36","68","39"
"Empty scope",,"warning","This is a Postfix atom","/help.c","71","21","71","24"
"Empty scope",,"warning","This is a Postfix atom","/help.c","77","15","77","18"
"Empty scope",,"warning","This is a Postfix atom","/help.c","77","35","77","38"
"Empty scope",,"warning","This is a Postfix atom","/help.c","53","16","53","18"
"Empty scope",,"warning","This is a Postfix atom","/help.c","22","14","22","24"
"Empty scope",,"warning","This is a Postfix atom","/hex.c","71","23","71","28"
"Empty scope",,"warning","This is a Postfix atom","/hex.c","72","4","72","8"
"Empty scope",,"warning","This is a Postfix atom","/hex.c","73","4","73","8"
"Empty scope",,"warning","This is a Postfix atom","/hex.c","45","4","45","9"
"Empty scope",,"warning","This is a Postfix atom","/http-backend.c","597","9","597","14"
"Empty scope",,"warning","This is a Postfix atom","/http-fetch.c","54","31","54","35"
"Empty scope",,"warning","This is a Postfix atom","/http.c","1575","12","1575","14"
"Empty scope",,"warning","This is a Postfix atom","/http.c","1586","17","1586","27"
"Empty scope",,"warning","This is a Postfix atom","/http.c","1479","22","1479","26"
"Empty scope",,"warning","This is a Postfix atom","/ident.c","247","8","247","12"
"Empty scope",,"warning","This is a Postfix atom","/ident.c","252","11","252","19"
"Empty scope",,"warning","This is a Postfix atom","/imap-send.c","1202","8","1202","10"
"Empty scope",,"warning","This is a Postfix atom","/imap-send.c","1203","15","1203","17"
"Empty scope",,"warning","This is a Postfix atom","/imap-send.c","694","3","694","5"
"Empty scope",,"warning","This is a Postfix atom","/imap-send.c","501","5","501","10"
"Empty scope",,"warning","This is a Postfix atom","/kwset.c","159","11","159","17"
"Empty scope",,"warning","This is a Postfix atom","/kwset.c","161","11","161","17"
"Empty scope",,"warning","This is a Postfix atom","/line-log.c","524","7","524","11"
"Empty scope",,"warning","This is a Postfix atom","/line-log.c","529","9","529","13"
"Empty scope",,"warning","This is a Postfix atom","/line-log.c","157","15","157","17"
"Empty scope",,"warning","This is a Postfix atom","/line-log.c","159","15","159","17"
"Empty scope",,"warning","This is a Postfix atom","/line-log.c","161","15","161","17"
"Empty scope",,"warning","This is a Postfix atom","/line-log.c","163","15","163","17"
"Empty scope",,"warning","This is a Postfix atom","/line-log.c","165","14","165","16"
"Empty scope",,"warning","This is a Postfix atom","/line-log.c","167","14","167","16"
"Empty scope",,"warning","This is a Postfix atom","/line-range.c","99","10","99","16"
"Empty scope",,"warning","This is a Postfix atom","/line-range.c","107","4","107","9"
"Empty scope",,"warning","This is a Postfix atom","/mailinfo.c","854","16","854","19"
"Empty scope",,"warning","This is a Postfix atom","/mailinfo.c","396","15","396","18"
"Empty scope",,"warning","This is a Postfix atom","/mailinfo.c","368","15","368","18"
"Empty scope",,"warning","This is a Postfix atom","/mailinfo.c","120","15","120","18"
"Empty scope",,"warning","This is a Postfix atom","/mailinfo.c","93","15","93","18"
"Empty scope",,"warning","This is a Postfix atom","/mailinfo.c","65","15","65","18"
"Empty scope",,"warning","This is a Postfix atom","/mailmap.c","206","5","206","9"
"Empty scope",,"warning","This is a Postfix atom","/mailmap.c","140","3","140","9"
"Empty scope",,"warning","This is a Postfix atom","/merge-recursive.c","1392","28","1392","30"
"Empty scope",,"warning","This is a Postfix atom","/merge-recursive.c","1394","28","1394","30"
"Empty scope",,"warning","This is a Postfix atom","/merge-recursive.c","1399","29","1399","31"
"Empty scope",,"warning","This is a Postfix atom","/merge-recursive.c","1401","29","1401","31"
"Empty scope",,"warning","This is a Postfix atom","/merge-recursive.c","683","32","683","39"
"Empty scope",,"warning","This is a Postfix atom","/merge.c","83","13","83","22"
"Empty scope",,"warning","This is a Postfix atom","/merge.c","86","13","86","22"
"Empty scope",,"warning","This is a Postfix atom","/mergesort.c","12","9","12","11"
"Empty scope",,"warning","This is a Postfix atom","/name-hash.c","647","23","647","29"
"Empty scope",,"warning","This is a Postfix atom","/name-hash.c","648","23","648","29"
"Empty scope",,"warning","This is a Postfix atom","/name-hash.c","85","18","85","26"
"Empty scope",,"warning","This is a Postfix atom","/notes-merge.c","31","12","31","14"
"Empty scope",,"warning","This is a Postfix atom","/notes.c","1050","9","1050","17"
"Empty scope",,"warning","This is a Postfix atom","/notes.c","611","11","611","20"
"Empty scope",,"warning","This is a Postfix atom","/notes.c","556","8","556","10"
"Empty scope",,"warning","This is a Postfix atom","/notes.c","556","24","556","26"
"Empty scope",,"warning","This is a Postfix atom","/notes.c","557","8","557","10"
"Empty scope",,"warning","This is a Postfix atom","/notes.c","557","24","557","26"
"Empty scope",,"warning","This is a Postfix atom","/notes.c","558","8","558","10"
"Empty scope",,"warning","This is a Postfix atom","/notes.c","450","39","450","43"
"Empty scope",,"warning","This is a Postfix atom","/notes.c","494","35","494","37"
"Empty scope",,"warning","This is a Postfix atom","/notes.c","495","35","495","37"
"Empty scope",,"warning","This is a Postfix atom","/notes.c","349","4","349","11"
"Empty scope",,"warning","This is a Postfix atom","/pack-bitmap-write.c","129","15","129","31"
"Empty scope",,"warning","This is a Postfix atom","/pack-objects.h","73","15","73","20"
"Empty scope",,"warning","This is a Postfix atom","/pack-bitmap.c","853","33","853","35"
"Empty scope",,"warning","This is a Postfix atom","/pack-bitmap.c","207","16","207","23"
"Empty scope",,"warning","This is a Postfix atom","/pack-objects.c","100","31","100","49"
"Empty scope",,"warning","This is a Postfix atom","/pack-revindex.c","133","26","133","33"
"Empty scope",,"warning","This is a Postfix atom","/pack-revindex.c","138","24","138","31"
"Empty scope",,"warning","This is a Postfix atom","/pack-revindex.c","140","13","140","20"
"Empty scope",,"warning","This is a Postfix atom","/pack-write.c","326","4","326","8"
"Empty scope",,"warning","This is a Postfix atom","/pack-write.c","120","33","120","38"
"Empty scope",,"warning","This is a Postfix atom","/pack-write.c","138","34","138","39"
"Empty scope",,"warning","This is a Postfix atom","/pack-write.c","146","34","146","39"
"Empty scope",,"warning","This is a Postfix atom","/pack-write.c","150","23","150","39"
"Empty scope",,"warning","This is a Postfix atom","/pack-write.c","159","34","159","39"
"Empty scope",,"warning","This is a Postfix atom","/packfile.c","1527","7","1527","22"
"Empty scope",,"warning","This is a Postfix atom","/packfile.c","1122","13","1122","26"
"Empty scope",,"warning","This is a Postfix atom","/packfile.c","1029","31","1029","36"
"Empty scope",,"warning","This is a Postfix atom","/packfile.c","1035","18","1035","23"
"Empty scope",,"warning","This is a Postfix atom","/packfile.c","904","10","904","15"
"Empty scope",,"warning","This is a Postfix atom","/packfile.c","914","11","914","16"
"Empty scope",,"warning","This is a Postfix atom","/packfile.c","602","20","602","34"
"Empty scope",,"warning","This is a Postfix atom","/parse-options.c","592","41","592","50"
"Empty scope",,"warning","This is a Postfix atom","/parse-options.c","598","42","598","51"
"Empty scope",,"warning","This is a Postfix atom","/parse-options.c","450","13","450","24"
"Empty scope",,"warning","This is a Postfix atom","/parse-options.c","515","12","515","23"
"Empty scope",,"warning","This is a Postfix atom","/parse-options.c","263","11","263","20"
"Empty scope",,"warning","This is a Postfix atom","/patch-delta.c","40","10","40","15"
"Empty scope",,"warning","This is a Postfix atom","/patch-delta.c","43","30","43","35"
"Empty scope",,"warning","This is a Postfix atom","/patch-delta.c","44","32","44","37"
"Empty scope",,"warning","This is a Postfix atom","/patch-delta.c","45","32","45","37"
"Empty scope",,"warning","This is a Postfix atom","/patch-delta.c","46","43","46","48"
"Empty scope",,"warning","This is a Postfix atom","/patch-delta.c","47","31","47","36"
"Empty scope",,"warning","This is a Postfix atom","/patch-delta.c","48","33","48","38"
"Empty scope",,"warning","This is a Postfix atom","/patch-delta.c","49","33","49","38"
"Empty scope",,"warning","This is a Postfix atom","/path.c","1298","9","1298","13"
"Empty scope",,"warning","This is a Postfix atom","/path.c","1299","14","1299","19"
"Empty scope",,"warning","This is a Postfix atom","/path.c","1264","14","1264","16"
"Empty scope",,"warning","This is a Postfix atom","/path.c","1089","13","1089","17"
"Empty scope",,"warning","This is a Postfix atom","/path.c","1092","4","1092","8"
"Empty scope",,"warning","This is a Postfix atom","/path.c","1136","16","1136","20"
"Empty scope",,"warning","This is a Postfix atom","/path.c","1137","5","1137","9"
"Empty scope",,"warning","This is a Postfix atom","/path.c","1139","5","1139","9"
"Empty scope",,"warning","This is a Postfix atom","/path.c","1141","10","1141","14"
"Empty scope",,"warning","This is a Postfix atom","/preload-index.c","47","29","47","33"
"Empty scope",,"warning","This is a Postfix atom","/pretty.c","995","11","995","14"
"Empty scope",,"warning","This is a Postfix atom","/pretty.c","215","16","215","18"
"Empty scope",,"warning","This is a Postfix atom","/pretty.c","194","13","194","17"
"Empty scope",,"warning","This is a Postfix atom","/prio-queue.c","42","32","42","53"
"Empty scope",,"warning","This is a Postfix atom","/quote.c","465","21","465","25"
"Empty scope",,"warning","This is a Postfix atom","/quote.c","469","21","469","25"
"Empty scope",,"warning","This is a Postfix atom","/quote.c","471","15","471","19"
"Empty scope",,"warning","This is a Postfix atom","/quote.c","428","15","428","19"
"Empty scope",,"warning","This is a Postfix atom","/quote.c","410","15","410","19"
"Empty scope",,"warning","This is a Postfix atom","/quote.c","394","15","394","19"
"Empty scope",,"warning","This is a Postfix atom","/quote.c","332","7","332","14"
"Empty scope",,"warning","This is a Postfix atom","/quote.c","340","12","340","19"
"Empty scope",,"warning","This is a Postfix atom","/quote.c","351","18","351","25"
"Empty scope",,"warning","This is a Postfix atom","/quote.c","366","15","366","22"
"Empty scope",,"warning","This is a Postfix atom","/quote.c","369","15","369","22"
"Empty scope",,"warning","This is a Postfix atom","/quote.c","239","24","239","26"
"Empty scope",,"warning","This is a Postfix atom","/quote.c","135","12","135","18"
"Empty scope",,"warning","This is a Postfix atom","/quote.c","86","5","86","9"
"Empty scope",,"warning","This is a Postfix atom","/quote.c","99","6","99","10"
"Empty scope",,"warning","This is a Postfix atom","/quote.c","38","23","38","27"
"Empty scope",,"warning","This is a Postfix atom","/read-cache.c","871","41","871","45"
"Empty scope",,"warning","This is a Postfix atom","/read-cache.c","849","9","849","14"
"Empty scope",,"warning","This is a Postfix atom","/read-cache.c","854","8","854","13"
"Empty scope",,"warning","This is a Postfix atom","/read-cache.c","540","13","540","15"
"Empty scope",,"warning","This is a Postfix atom","/ref-filter.c","1959","17","1959","27"
"Empty scope",,"warning","This is a Postfix atom","/ref-filter.c","1903","27","1903","49"
"Empty scope",,"warning","This is a Postfix atom","/ref-filter.c","1579","33","1579","52"
"Empty scope",,"warning","This is a Postfix atom","/ref-filter.c","1201","42","1201","44"
"Empty scope",,"warning","This is a Postfix atom","/ref-filter.c","1212","9","1212","19"
"Empty scope",,"warning","This is a Postfix atom","/ref-filter.c","1167","42","1167","44"
"Empty scope",,"warning","This is a Postfix atom","/ref-filter.c","1179","12","1179","18"
"Empty scope",,"warning","This is a Postfix atom","/ref-filter.c","1153","4","1153","8"
"Empty scope",,"warning","This is a Postfix atom","/ref-filter.c","1153","13","1153","17"
"Empty scope",,"warning","This is a Postfix atom","/reflog-walk.c","197","13","197","22"
"Empty scope",,"warning","This is a Postfix atom","/refs/files-backend.c","1818","38","1818","40"
"Empty scope",,"warning","This is a Postfix atom","/refs/files-backend.c","1819","38","1819","40"
"Empty scope",,"warning","This is a Postfix atom","/refs/files-backend.c","300","6","300","24"
"Empty scope",,"warning","This is a Postfix atom","/refs/packed-backend.c","793","16","793","18"
"Empty scope",,"warning","This is a Postfix atom","/refs/packed-backend.c","823","8","823","10"
"Empty scope",,"warning","This is a Postfix atom","/refs/ref-cache.c","480","26","480","42"
"Empty scope",,"warning","This is a Postfix atom","/refs/ref-cache.c","308","24","308","26"
"Empty scope",,"warning","This is a Postfix atom","/refs/ref-cache.c","10","15","10","23"
"Empty scope",,"warning","This is a Postfix atom","/refs.c","911","23","911","39"
"Empty scope",,"warning","This is a Postfix atom","/refs.c","697","3","697","6"
"Empty scope",,"warning","This is a Postfix atom","/refs.c","698","15","698","19"
"Empty scope",,"warning","This is a Postfix atom","/refs.c","704","4","704","7"
"Empty scope",,"warning","This is a Postfix atom","/refs.c","708","3","708","6"
"Empty scope",,"warning","This is a Postfix atom","/refs.c","523","8","523","19"
"Empty scope",,"warning","This is a Postfix atom","/refs.c","485","9","485","20"
"Empty scope",,"warning","This is a Postfix atom","/remote-curl.c","1084","6","1084","12"
"Empty scope",,"warning","This is a Postfix atom","/remote-curl.c","1005","10","1005","18"
"Empty scope",,"warning","This is a Postfix atom","/remote-curl.c","890","13","890","22"
"Empty scope",,"warning","This is a Postfix atom","/remote.c","2271","22","2271","30"
"Empty scope",,"warning","This is a Postfix atom","/remote.c","1299","12","1299","21"
"Empty scope",,"warning","This is a Postfix atom","/remote.c","646","19","646","24"
"Empty scope",,"warning","This is a Postfix atom","/remote.c","312","5","312","10"
"Empty scope",,"warning","This is a Postfix atom","/remote.c","232","13","232","27"
"Empty scope",,"warning","This is a Postfix atom","/remote.c","207","11","207","23"
"Empty scope",,"warning","This is a Postfix atom","/remote.c","190","21","190","38"
"Empty scope",,"warning","This is a Postfix atom","/remote.c","177","10","177","21"
"Empty scope",,"warning","This is a Postfix atom","/remote.c","115","18","115","37"
"Empty scope",,"warning","This is a Postfix atom","/remote.c","109","14","109","29"
"Empty scope",,"warning","This is a Postfix atom","/remote.c","103","24","103","49"
"Empty scope",,"warning","This is a Postfix atom","/remote.c","95","23","95","47"
"Empty scope",,"warning","This is a Postfix atom","/rerere.c","979","21","979","25"
"Empty scope",,"warning","This is a Postfix atom","/rerere.c","380","8","380","12"
"Empty scope",,"warning","This is a Postfix atom","/rerere.c","226","9","226","14"
"Empty scope",,"warning","This is a Postfix atom","/revision.c","2318","11","2318","16"
"Empty scope",,"warning","This is a Postfix atom","/revision.c","1749","8","1749","16"
"Empty scope",,"warning","This is a Postfix atom","/revision.c","2094","9","2094","17"
"Empty scope",,"warning","This is a Postfix atom","/run-command.c","1246","18","1246","27"
"Empty scope",,"warning","This is a Postfix atom","/send-pack.c","179","5","179","9"
"Empty scope",,"warning","This is a Postfix atom","/send-pack.c","80","8","80","10"
"Empty scope",,"warning","This is a Postfix atom","/send-pack.c","82","8","82","10"
"Empty scope",,"warning","This is a Postfix atom","/send-pack.c","84","8","84","10"
"Empty scope",,"warning","This is a Postfix atom","/send-pack.c","86","8","86","10"
"Empty scope",,"warning","This is a Postfix atom","/send-pack.c","88","8","88","10"
"Empty scope",,"warning","This is a Postfix atom","/sequencer.c","1442","15","1442","30"
"Empty scope",,"warning","This is a Postfix atom","/sequencer.c","1224","28","1224","42"
"Empty scope",,"warning","This is a Postfix atom","/sequencer.c","582","27","582","29"
"Empty scope",,"warning","This is a Postfix atom","/sequencer.c","543","25","543","33"
"Empty scope",,"warning","This is a Postfix atom","/sequencer.c","545","36","545","44"
"Empty scope",,"warning","This is a Postfix atom","/sequencer.c","551","25","551","33"
"Empty scope",,"warning","This is a Postfix atom","/sequencer.c","553","36","553","44"
"Empty scope",,"warning","This is a Postfix atom","/sequencer.c","557","25","557","33"
"Empty scope",,"warning","This is a Postfix atom","/sequencer.c","559","36","559","44"
"Empty scope",,"warning","This is a Postfix atom","/sequencer.c","420","47","420","49"
"Empty scope",,"warning","This is a Postfix atom","/server-info.c","151","29","151","37"
"Empty scope",,"warning","This is a Postfix atom","/sh-i18n--envsubst.c","352","12","352","19"
"Empty scope",,"warning","This is a Postfix atom","/sh-i18n--envsubst.c","216","13","216","25"
"Empty scope",,"warning","This is a Postfix atom","/sh-i18n--envsubst.c","128","10","128","17"
"Empty scope",,"warning","This is a Postfix atom","/sha1-array.c","8","21","8","31"
"Empty scope",,"warning","This is a Postfix atom","/sha1_file.c","1252","23","1252","40"
"Empty scope",,"warning","This is a Postfix atom","/sha1_file.c","1012","13","1012","17"
"Empty scope",,"warning","This is a Postfix atom","/sha1_file.c","1039","10","1039","14"
"Empty scope",,"warning","This is a Postfix atom","/sha1_file.c","206","25","206","54"
"Empty scope",,"warning","This is a Postfix atom","/sha1_file.c","216","32","216","61"
"Empty scope",,"warning","This is a Postfix atom","/sha1_file.c","232","44","232","73"
"Empty scope",,"warning","This is a Postfix atom","/sha1_name.c","949","22","949","25"
"Empty scope",,"warning","This is a Postfix atom","/sha1_name.c","537","12","537","17"
"Empty scope",,"warning","This is a Postfix atom","/shallow.c","573","11","573","22"
"Empty scope",,"warning","This is a Postfix atom","/shallow.c","575","11","575","22"
"Empty scope",,"warning","This is a Postfix atom","/shallow.c","402","15","402","29"
"Empty scope",,"warning","This is a Postfix atom","/shallow.c","404","17","404","33"
"Empty scope",,"warning","This is a Postfix atom","/shallow.c","91","31","91","33"
"Empty scope",,"warning","This is a Postfix atom","/split-index.c","239","13","239","24"
"Empty scope",,"warning","This is a Postfix atom","/split-index.c","249","12","249","23"
"Empty scope",,"warning","This is a Postfix atom","/strbuf.c","910","13","910","15"
"Empty scope",,"warning","This is a Postfix atom","/strbuf.c","913","21","913","23"
"Empty scope",,"warning","This is a Postfix atom","/strbuf.c","656","14","656","16"
"Empty scope",,"warning","This is a Postfix atom","/strbuf.c","150","9","150","11"
"Empty scope",,"warning","This is a Postfix atom","/strbuf.c","135","7","135","10"
"Empty scope",,"warning","This is a Postfix atom","/string-list.c","213","24","213","33"
"Empty scope",,"warning","This is a Postfix atom","/string-list.c","142","16","142","20"
"Empty scope",,"warning","This is a Postfix atom","/string-list.c","120","17","120","21"
"Empty scope",,"warning","This is a Postfix atom","/t/helper/test-genrandom.c","22","12","22","14"
"Empty scope",,"warning","This is a Postfix atom","/t/helper/test-ref-store.c","287","10","287","15"
"Empty scope",,"warning","This is a Postfix atom","/t/helper/test-ref-store.c","231","29","231","34"
"Empty scope",,"warning","This is a Postfix atom","/t/helper/test-ref-store.c","232","33","232","38"
"Empty scope",,"warning","This is a Postfix atom","/t/helper/test-ref-store.c","233","38","233","43"
"Empty scope",,"warning","This is a Postfix atom","/t/helper/test-ref-store.c","234","38","234","43"
"Empty scope",,"warning","This is a Postfix atom","/t/helper/test-ref-store.c","235","34","235","39"
"Empty scope",,"warning","This is a Postfix atom","/t/helper/test-ref-store.c","217","29","217","34"
"Empty scope",,"warning","This is a Postfix atom","/t/helper/test-ref-store.c","218","33","218","38"
"Empty scope",,"warning","This is a Postfix atom","/t/helper/test-ref-store.c","219","34","219","39"
"Empty scope",,"warning","This is a Postfix atom","/t/helper/test-ref-store.c","220","34","220","39"
"Empty scope",,"warning","This is a Postfix atom","/t/helper/test-ref-store.c","205","33","205","38"
"Empty scope",,"warning","This is a Postfix atom","/t/helper/test-ref-store.c","192","33","192","38"
"Empty scope",,"warning","This is a Postfix atom","/t/helper/test-ref-store.c","193","32","193","37"
"Empty scope",,"warning","This is a Postfix atom","/t/helper/test-ref-store.c","185","33","185","38"
"Empty scope",,"warning","This is a Postfix atom","/t/helper/test-ref-store.c","178","33","178","38"
"Empty scope",,"warning","This is a Postfix atom","/t/helper/test-ref-store.c","171","33","171","38"
"Empty scope",,"warning","This is a Postfix atom","/t/helper/test-ref-store.c","144","33","144","38"
"Empty scope",,"warning","This is a Postfix atom","/t/helper/test-ref-store.c","131","33","131","38"
"Empty scope",,"warning","This is a Postfix atom","/t/helper/test-ref-store.c","132","33","132","38"
"Empty scope",,"warning","This is a Postfix atom","/t/helper/test-ref-store.c","123","32","123","37"
"Empty scope",,"warning","This is a Postfix atom","/t/helper/test-ref-store.c","107","32","107","37"
"Empty scope",,"warning","This is a Postfix atom","/t/helper/test-ref-store.c","108","32","108","37"
"Empty scope",,"warning","This is a Postfix atom","/t/helper/test-ref-store.c","109","24","109","29"
"Empty scope",,"warning","This is a Postfix atom","/t/helper/test-ref-store.c","95","34","95","39"
"Empty scope",,"warning","This is a Postfix atom","/t/helper/test-ref-store.c","96","21","96","26"
"Empty scope",,"warning","This is a Postfix atom","/t/helper/test-ref-store.c","100","34","100","39"
"Empty scope",,"warning","This is a Postfix atom","/t/helper/test-ref-store.c","86","33","86","38"
"Empty scope",,"warning","This is a Postfix atom","/t/helper/test-ref-store.c","87","32","87","37"
"Empty scope",,"warning","This is a Postfix atom","/t/helper/test-ref-store.c","88","24","88","29"
"Empty scope",,"warning","This is a Postfix atom","/t/helper/test-ref-store.c","74","33","74","38"
"Empty scope",,"warning","This is a Postfix atom","/t/helper/test-ref-store.c","67","34","67","39"
"Empty scope",,"warning","This is a Postfix atom","/t/helper/test-regex.c","54","9","54","14"
"Empty scope",,"warning","This is a Postfix atom","/t/helper/test-regex.c","55","9","55","14"
"Empty scope",,"warning","This is a Postfix atom","/tag.c","131","83","131","90"
"Empty scope",,"warning","This is a Postfix atom","/tag.c","104","24","104","28"
"Empty scope",,"warning","This is a Postfix atom","/tag.c","109","24","109","28"
"Empty scope",,"warning","This is a Postfix atom","/trailer.c","923","21","923","23"
"Empty scope",,"warning","This is a Postfix atom","/transport-helper.c","704","4","704","8"
"Empty scope",,"warning","This is a Postfix atom","/transport-helper.c","187","13","187","24"
"Empty scope",,"warning","This is a Postfix atom","/transport.c","1121","9","1121","18"
"Empty scope",,"warning","This is a Postfix atom","/transport.c","1134","10","1134","19"
"Empty scope",,"warning","This is a Postfix atom","/tree-walk.c","705","8","705","26"
"Empty scope",,"warning","This is a Postfix atom","/tree-walk.c","16","15","16","19"
"Empty scope",,"warning","This is a Postfix atom","/unpack-trees.c","656","8","656","15"
"Empty scope",,"warning","This is a Postfix atom","/upload-pack.c","231","6","231","9"
"Empty scope",,"warning","This is a Postfix atom","/url.c","22","36","22","40"
"Empty scope",,"warning","This is a Postfix atom","/url.c","25","29","25","33"
"Empty scope",,"warning","This is a Postfix atom","/urlmatch.c","561","53","561","57"
"Empty scope",,"warning","This is a Postfix atom","/urlmatch.c","172","32","172","36"
"Empty scope",,"warning","This is a Postfix atom","/urlmatch.c","253","32","253","36"
"Empty scope",,"warning","This is a Postfix atom","/urlmatch.c","40","13","40","18"
"Empty scope",,"warning","This is a Postfix atom","/usage.c","139","18","139","20"
"Empty scope",,"warning","This is a Postfix atom","/usage.c","139","29","139","31"
"Empty scope",,"warning","This is a Postfix atom","/usage.c","142","14","142","16"
"Empty scope",,"warning","This is a Postfix atom","/userdiff.c","235","18","235","27"
"Empty scope",,"warning","This is a Postfix atom","/utf8.c","15","7","15","9"
"Empty scope",,"warning","This is a Postfix atom","/utf8.c","17","7","17","9"
"Empty scope",,"warning","This is a Postfix atom","/utf8.c","21","7","21","9"
"Empty scope",,"warning","This is a Postfix atom","/varint.c","7","21","7","25"
"Empty scope",,"warning","This is a Postfix atom","/varint.c","13","8","13","12"
"Empty scope",,"warning","This is a Postfix atom","/vcs-svn/svndiff.c","207","35","207","42"
"Empty scope",,"warning","This is a Postfix atom","/vcs-svn/svndiff.c","190","40","190","47"
"Empty scope",,"warning","This is a Postfix atom","/versioncmp.c","147","8","147","11"
"Empty scope",,"warning","This is a Postfix atom","/versioncmp.c","148","8","148","11"
"Empty scope",,"warning","This is a Postfix atom","/versioncmp.c","157","9","157","12"
"Empty scope",,"warning","This is a Postfix atom","/versioncmp.c","158","9","158","12"
"Empty scope",,"warning","This is a Postfix atom","/versioncmp.c","184","20","184","23"
"Empty scope",,"warning","This is a Postfix atom","/versioncmp.c","185","19","185","22"
"Empty scope",,"warning","This is a Postfix atom","/walker.c","232","5","232","12"
"Empty scope",,"warning","This is a Postfix atom","/worktree.c","140","7","140","15"
"Empty scope",,"warning","This is a Postfix atom","/worktree.c","153","10","153","18"
"Empty scope",,"warning","This is a Postfix atom","/ws.c","359","14","359","33"
"Empty scope",,"warning","This is a Postfix atom","/ws.c","267","9","267","13"
"Empty scope",,"warning","This is a Postfix atom","/wt-status.c","2134","21","2134","25"
"Empty scope",,"warning","This is a Postfix atom","/wt-status.c","1013","23","1013","25"
"Empty scope",,"warning","This is a Postfix atom","/wt-status.c","1014","23","1014","25"
"Empty scope",,"warning","This is a Postfix atom","/wt-status.c","490","21","490","25"
"Empty scope",,"warning","This is a Postfix atom","/xdiff/xdiffi.c","771","13","771","22"
"Empty scope",,"warning","This is a Postfix atom","/xdiff/xdiffi.c","772","13","772","20"
"Empty scope",,"warning","This is a Postfix atom","/xdiff/xhistogram.c","277","19","277","25"
"Empty scope",,"warning","This is a Postfix atom","/xdiff/xhistogram.c","281","19","281","25"
"Empty scope",,"warning","This is a Postfix atom","/xdiff/xhistogram.c","327","20","327","26"
"Empty scope",,"warning","This is a Postfix atom","/xdiff/xhistogram.c","329","20","329","26"
"Empty scope",,"warning","This is a Postfix atom","/xdiff/xmerge.c","401","32","401","36"
"Empty scope",,"warning","This is a Postfix atom","/xdiff/xmerge.c","225","9","225","14"
"Empty scope",,"warning","This is a Postfix atom","/xdiff/xmerge.c","226","8","226","13"
"Empty scope",,"warning","This is a Postfix atom","/xdiff/xmerge.c","246","10","246","15"
"Empty scope",,"warning","This is a Postfix atom","/xdiff/xmerge.c","247","9","247","14"
"Empty scope",,"warning","This is a Postfix atom","/xdiff/xmerge.c","259","9","259","14"
"Empty scope",,"warning","This is a Postfix atom","/xdiff/xmerge.c","260","8","260","13"
"Empty scope",,"warning","This is a Postfix atom","/xdiff/xmerge.c","277","9","277","14"
"Empty scope",,"warning","This is a Postfix atom","/xdiff/xmerge.c","278","8","278","13"
"Empty scope",,"warning","This is a Postfix atom","/xdiff/xmerge.c","122","38","122","40"
"Empty scope",,"warning","This is a Postfix atom","/xdiff/xpatience.c","314","19","314","25"
"Empty scope",,"warning","This is a Postfix atom","/xdiff/xpatience.c","318","19","318","25"
"Empty scope",,"warning","This is a Postfix atom","/xdiff/xpatience.c","330","19","330","25"
"Empty scope",,"warning","This is a Postfix atom","/xdiff/xpatience.c","332","19","332","25"
"Empty scope",,"warning","This is a Postfix atom","/xdiff/xpatience.c","150","17","150","23"
"Empty scope",,"warning","This is a Postfix atom","/xdiff/xpatience.c","154","17","154","23"
"Empty scope",,"warning","This is a Postfix atom","/xdiff/xprepare.c","210","9","210","14"
"Empty scope",,"warning","This is a Postfix atom","/xdiff/xprepare.c","130","16","130","26"
"Empty scope",,"warning","This is a Postfix atom","/xdiff/xutils.c","346","7","346","10"
"Empty scope",,"warning","This is a Postfix atom","/xdiff/xutils.c","352","6","352","9"
"Empty scope",,"warning","This is a Postfix atom","/xdiff/xutils.c","307","4","307","8"
"Empty scope",,"warning","This is a Postfix atom","/xdiff/xutils.c","181","11","181","14"
"Empty scope",,"warning","This is a Postfix atom","/xdiff/xutils.c","181","23","181","26"
"Empty scope",,"warning","This is a Postfix atom","/xdiff/xutils.c","199","11","199","14"
"Empty scope",,"warning","This is a Postfix atom","/xdiff/xutils.c","199","23","199","26"
"Empty scope",,"warning","This is a Postfix atom","/xdiff-interface.c","121","10","121","20"
"Empty scope",,"warning","This is a Postfix atom","/xdiff-interface.c","46","7","46","10"
"Empty scope",,"warning","This is a Postfix atom","/xdiff-interface.c","46","23","46","26"
"Empty scope",,"warning","This is a Postfix atom","/xdiff-interface.c","21","21","21","24"
