Empty scope,,warning,This is an Assignment As Value atom,/apply.c,4060,2,4072,11
Empty scope,,warning,This is an Assignment As Value atom,/apply.c,3928,2,3932,19
Empty scope,,warning,This is an Assignment As Value atom,/apply.c,479,3,481,8
Empty scope,,warning,This is an Assignment As Value atom,/base85.c,61,3,63,58
Empty scope,,warning,This is an Assignment As Value atom,/blame.c,343,4,346,4
Empty scope,,warning,This is an Assignment As Value atom,/blame.c,353,4,356,4
Empty scope,,warning,This is an Assignment As Value atom,/blame.c,361,4,364,4
Empty scope,,warning,This is an Assignment As Value atom,/branch.c,288,2,289,56
Empty scope,,warning,This is an Assignment As Value atom,/builtin/branch.c,125,3,129,49
Empty scope,,warning,This is an Assignment As Value atom,/builtin/bundle.c,33,2,35,11
Empty scope,,warning,This is an Assignment As Value atom,/builtin/log.c,871,2,875,2
Empty scope,,warning,This is an Assignment As Value atom,/builtin/mailsplit.c,125,3,130,3
Empty scope,,warning,This is an Assignment As Value atom,/builtin/mktag.c,112,2,116,39
Empty scope,,warning,This is an Assignment As Value atom,/builtin/mktag.c,125,2,127,39
Empty scope,,warning,This is an Assignment As Value atom,/builtin/mv.c,186,10,243,41
Empty scope,,warning,This is an Assignment As Value atom,/builtin/notes.c,713,7,716,61
Empty scope,,warning,This is an Assignment As Value atom,/builtin/notes.c,256,2,259,2
Empty scope,,warning,This is an Assignment As Value atom,/builtin/pack-objects.c,1462,3,1480,3
Empty scope,,warning,This is an Assignment As Value atom,/builtin/pack-objects.c,254,3,264,3
Empty scope,,warning,This is an Assignment As Value atom,/builtin/pack-redundant.c,87,2,88,13
Empty scope,,warning,This is an Assignment As Value atom,/builtin/receive-pack.c,1970,2,2022,2
Empty scope,,warning,This is an Assignment As Value atom,/builtin/receive-pack.c,1227,2,1228,9
Empty scope,,warning,This is an Assignment As Value atom,/builtin/remote.c,989,2,990,23
Empty scope,,warning,This is an Assignment As Value atom,/builtin/remote.c,991,2,992,24
Empty scope,,warning,This is an Assignment As Value atom,/builtin/remote.c,939,2,940,23
Empty scope,,warning,This is an Assignment As Value atom,/builtin/repack.c,94,2,95,9
Empty scope,,warning,This is an Assignment As Value atom,/builtin/rev-parse.c,309,2,328,11
Empty scope,,warning,This is an Assignment As Value atom,/builtin/rev-parse.c,313,9,328,11
Empty scope,,warning,This is an Assignment As Value atom,/builtin/rev-parse.c,317,9,328,11
Empty scope,,warning,This is an Assignment As Value atom,/builtin/rev-parse.c,253,2,254,11
Empty scope,,warning,This is an Assignment As Value atom,/builtin/tag.c,302,3,307,3
Empty scope,,warning,This is an Assignment As Value atom,/builtin/tag.c,310,3,311,68
Empty scope,,warning,This is an Assignment As Value atom,/builtin/var.c,48,3,49,37
Empty scope,,warning,This is an Assignment As Value atom,/combine-diff.c,1028,10,1069,3
Empty scope,,warning,This is an Assignment As Value atom,/compat/fopen.c,22,2,23,14
Empty scope,,warning,This is an Assignment As Value atom,/compat/regex/regexec.c,1167,4,1170,11
Empty scope,,warning,This is an Assignment As Value atom,/config.c,2776,2,2782,2
Empty scope,,warning,This is an Assignment As Value atom,/connect.c,691,2,692,13
Empty scope,,warning,This is an Assignment As Value atom,/copy.c,36,2,37,13
Empty scope,,warning,This is an Assignment As Value atom,/copy.c,38,2,41,2
Empty scope,,warning,This is an Assignment As Value atom,/credential-store.c,171,3,172,40
Empty scope,,warning,This is an Assignment As Value atom,/daemon.c,817,3,829,27
Empty scope,,warning,This is an Assignment As Value atom,/daemon.c,800,2,801,9
Empty scope,,warning,This is an Assignment As Value atom,/daemon.c,380,2,381,49
Empty scope,,warning,This is an Assignment As Value atom,/diff-no-index.c,25,2,26,52
Empty scope,,warning,This is an Assignment As Value atom,/diff.c,4618,3,4619,53
Empty scope,,warning,This is an Assignment As Value atom,/diff.c,4623,3,4624,53
Empty scope,,warning,This is an Assignment As Value atom,/diff.c,4634,3,4635,53
Empty scope,,warning,This is an Assignment As Value atom,/diff.c,4672,7,4862,11
Empty scope,,warning,This is an Assignment As Value atom,/diff.c,4751,7,4862,11
Empty scope,,warning,This is an Assignment As Value atom,/diff.c,4789,7,4862,11
Empty scope,,warning,This is an Assignment As Value atom,/diff.c,4793,7,4862,11
Empty scope,,warning,This is an Assignment As Value atom,/diff.c,4797,9,4862,11
Empty scope,,warning,This is an Assignment As Value atom,/diff.c,4806,7,4862,11
Empty scope,,warning,This is an Assignment As Value atom,/diff.c,4810,7,4862,11
Empty scope,,warning,This is an Assignment As Value atom,/diff.c,4828,7,4862,11
Empty scope,,warning,This is an Assignment As Value atom,/diff.c,4832,7,4862,11
Empty scope,,warning,This is an Assignment As Value atom,/diff.c,4838,7,4862,11
Empty scope,,warning,This is an Assignment As Value atom,/diff.c,4853,7,4862,11
Empty scope,,warning,This is an Assignment As Value atom,/diff.c,1366,2,1372,2
Empty scope,,warning,This is an Assignment As Value atom,/dir.c,767,3,769,13
Empty scope,,warning,This is an Assignment As Value atom,/dir.c,802,9,810,55
Empty scope,,warning,This is an Assignment As Value atom,/fetch-pack.c,966,2,971,2
Empty scope,,warning,This is an Assignment As Value atom,/fetch-pack.c,360,3,363,3
Empty scope,,warning,This is an Assignment As Value atom,/fsck.c,334,2,335,35
Empty scope,,warning,This is an Assignment As Value atom,/help.c,157,4,158,15
Empty scope,,warning,This is an Assignment As Value atom,/imap-send.c,1071,2,1074,2
Empty scope,,warning,This is an Assignment As Value atom,/imap-send.c,750,5,751,17
Empty scope,,warning,This is an Assignment As Value atom,/imap-send.c,754,11,769,4
Empty scope,,warning,This is an Assignment As Value atom,/imap-send.c,804,4,805,37
Empty scope,,warning,This is an Assignment As Value atom,/imap-send.c,822,4,823,17
Empty scope,,warning,This is an Assignment As Value atom,/imap-send.c,690,2,693,2
Empty scope,,warning,This is an Assignment As Value atom,/imap-send.c,697,3,700,3
Empty scope,,warning,This is an Assignment As Value atom,/imap-send.c,702,3,705,3
Empty scope,,warning,This is an Assignment As Value atom,/imap-send.c,715,3,719,3
Empty scope,,warning,This is an Assignment As Value atom,/imap-send.c,514,2,515,53
Empty scope,,warning,This is an Assignment As Value atom,/kwset.c,606,3,612,5
Empty scope,,warning,This is an Assignment As Value atom,/kwset.c,681,7,682,10
Empty scope,,warning,This is an Assignment As Value atom,/kwset.c,684,7,688,2
Empty scope,,warning,This is an Assignment As Value atom,/kwset.c,476,7,480,58
Empty scope,,warning,This is an Assignment As Value atom,/kwset.c,484,3,488,39
Empty scope,,warning,This is an Assignment As Value atom,/line-range.c,94,2,115,2
Empty scope,,warning,This is an Assignment As Value atom,/log-tree.c,503,7,508,55
Empty scope,,warning,This is an Assignment As Value atom,/mailinfo.c,490,3,491,23
Empty scope,,warning,This is an Assignment As Value atom,/mailmap.c,170,2,171,50
Empty scope,,warning,This is an Assignment As Value atom,/mailmap.c,122,2,123,14
Empty scope,,warning,This is an Assignment As Value atom,/mailmap.c,124,2,125,14
Empty scope,,warning,This is an Assignment As Value atom,/merge-recursive.c,2266,3,2267,13
Empty scope,,warning,This is an Assignment As Value atom,/merge-recursive.c,2174,4,2176,31
Empty scope,,warning,This is an Assignment As Value atom,/merge-recursive.c,2027,2,2028,12
Empty scope,,warning,This is an Assignment As Value atom,/merge-recursive.c,1464,10,1610,3
Empty scope,,warning,This is an Assignment As Value atom,/merge-recursive.c,1229,2,1234,58
Empty scope,,warning,This is an Assignment As Value atom,/notes-merge.c,555,7,557,44
Empty scope,,warning,This is an Assignment As Value atom,/notes-merge.c,573,9,576,2
Empty scope,,warning,This is an Assignment As Value atom,/notes.c,1236,2,1239,2
Empty scope,,warning,This is an Assignment As Value atom,/pack-bitmap.c,311,2,315,14
Empty scope,,warning,This is an Assignment As Value atom,/packfile.c,769,4,775,26
Empty scope,,warning,This is an Assignment As Value atom,/pager.c,160,2,167,2
Empty scope,,warning,This is an Assignment As Value atom,/quote.c,366,4,367,15
Empty scope,,warning,This is an Assignment As Value atom,/quote.c,369,4,370,15
Empty scope,,warning,This is an Assignment As Value atom,/ref-filter.c,286,8,289,52
Empty scope,,warning,This is an Assignment As Value atom,/refs/files-backend.c,1817,2,1827,11
Empty scope,,warning,This is an Assignment As Value atom,/refs/iterator.c,109,3,113,3
Empty scope,,warning,This is an Assignment As Value atom,/refs/iterator.c,114,3,118,3
Empty scope,,warning,This is an Assignment As Value atom,/refs/iterator.c,124,3,128,3
Empty scope,,warning,This is an Assignment As Value atom,/refs/iterator.c,153,4,157,4
Empty scope,,warning,This is an Assignment As Value atom,/refs/packed-backend.c,1123,2,1124,14
Empty scope,,warning,This is an Assignment As Value atom,/refs/packed-backend.c,1172,5,1173,17
Empty scope,,warning,This is an Assignment As Value atom,/refs/packed-backend.c,1210,4,1211,16
Empty scope,,warning,This is an Assignment As Value atom,/remote-testsvn.c,111,2,115,2
Empty scope,,warning,This is an Assignment As Value atom,/remote-testsvn.c,62,2,63,14
Empty scope,,warning,This is an Assignment As Value atom,/remote-testsvn.c,64,2,70,2
Empty scope,,warning,This is an Assignment As Value atom,/remote.c,1188,8,1197,20
Empty scope,,warning,This is an Assignment As Value atom,/remote.c,171,2,172,13
Empty scope,,warning,This is an Assignment As Value atom,/revision.c,2894,3,2895,25
Empty scope,,warning,This is an Assignment As Value atom,/revision.c,2760,2,2768,2
Empty scope,,warning,This is an Assignment As Value atom,/revision.c,2195,9,2244,2
Empty scope,,warning,This is an Assignment As Value atom,/revision.c,2201,9,2244,2
Empty scope,,warning,This is an Assignment As Value atom,/revision.c,1753,2,2096,2
Empty scope,,warning,This is an Assignment As Value atom,/revision.c,1757,9,2096,2
Empty scope,,warning,This is an Assignment As Value atom,/revision.c,1775,9,2096,2
Empty scope,,warning,This is an Assignment As Value atom,/revision.c,1778,9,2096,2
Empty scope,,warning,This is an Assignment As Value atom,/revision.c,1781,9,2096,2
Empty scope,,warning,This is an Assignment As Value atom,/revision.c,1784,9,2096,2
Empty scope,,warning,This is an Assignment As Value atom,/revision.c,1787,9,2096,2
Empty scope,,warning,This is an Assignment As Value atom,/revision.c,1790,9,2096,2
Empty scope,,warning,This is an Assignment As Value atom,/revision.c,2039,9,2096,2
Empty scope,,warning,This is an Assignment As Value atom,/revision.c,2049,7,2096,2
Empty scope,,warning,This is an Assignment As Value atom,/revision.c,2052,9,2096,2
Empty scope,,warning,This is an Assignment As Value atom,/revision.c,2055,9,2096,2
Empty scope,,warning,This is an Assignment As Value atom,/revision.c,2058,9,2096,2
Empty scope,,warning,This is an Assignment As Value atom,/revision.c,2078,9,2096,2
Empty scope,,warning,This is an Assignment As Value atom,/sequencer.c,2871,4,2890,4
Empty scope,,warning,This is an Assignment As Value atom,/sequencer.c,2875,9,2890,4
Empty scope,,warning,This is an Assignment As Value atom,/sequencer.c,2271,2,2272,25
Empty scope,,warning,This is an Assignment As Value atom,/sequencer.c,904,2,919,2
Empty scope,,warning,This is an Assignment As Value atom,/sequencer.c,824,3,828,40
Empty scope,,warning,This is an Assignment As Value atom,/sequencer.c,848,3,849,42
Empty scope,,warning,This is an Assignment As Value atom,/sequencer.c,850,3,851,59
Empty scope,,warning,This is an Assignment As Value atom,/sequencer.c,873,2,875,41
Empty scope,,warning,This is an Assignment As Value atom,/sequencer.c,533,8,536,23
Empty scope,,warning,This is an Assignment As Value atom,/setup.c,601,2,607,2
Empty scope,,warning,This is an Assignment As Value atom,/sha1_file.c,1295,2,1297,39
Empty scope,,warning,This is an Assignment As Value atom,/sha1_file.c,1121,3,1123,30
Empty scope,,warning,This is an Assignment As Value atom,/sha1_file.c,1124,9,1125,65
Empty scope,,warning,This is an Assignment As Value atom,/shallow.c,108,3,116,3
Empty scope,,warning,This is an Assignment As Value atom,/shallow.c,59,2,63,2
Empty scope,,warning,This is an Assignment As Value atom,/shell.c,16,2,17,22
Empty scope,,warning,This is an Assignment As Value atom,/string-list.c,131,3,132,9
Empty scope,,warning,This is an Assignment As Value atom,/sub-process.c,134,2,138,56
Empty scope,,warning,This is an Assignment As Value atom,/sub-process.c,139,2,143,40
Empty scope,,warning,This is an Assignment As Value atom,/sub-process.c,144,2,145,61
Empty scope,,warning,This is an Assignment As Value atom,/submodule.c,1731,2,1736,2
Empty scope,,warning,This is an Assignment As Value atom,/t/helper/test-config.c,152,4,155,4
Empty scope,,warning,This is an Assignment As Value atom,/t/helper/test-config.c,170,4,173,4
Empty scope,,warning,This is an Assignment As Value atom,/thread-utils.c,57,2,58,20
Empty scope,,warning,This is an Assignment As Value atom,/trace.c,327,2,328,27
Empty scope,,warning,This is an Assignment As Value atom,/transport-helper.c,297,3,298,9
Empty scope,,warning,This is an Assignment As Value atom,/transport.c,912,2,913,11
Empty scope,,warning,This is an Assignment As Value atom,/tree-walk.c,635,3,638,3
Empty scope,,warning,This is an Assignment As Value atom,/usage.c,139,3,140,12
Empty scope,,warning,This is an Assignment As Value atom,/vcs-svn/fast_export.c,201,2,202,55
Empty scope,,warning,This is an Assignment As Value atom,/wildmatch.c,63,3,64,23
Empty scope,,warning,This is an Assignment As Value atom,/wildmatch.c,159,5,163,33
Empty scope,,warning,This is an Assignment As Value atom,/worktree.c,215,2,216,12
Empty scope,,warning,This is an Assignment As Value atom,/worktree.c,151,4,154,4
Empty scope,,warning,This is an Assignment As Value atom,/wt-status.c,1452,2,1464,61
Empty scope,,warning,This is an Assignment As Value atom,/wt-status.c,927,7,928,18
Empty scope,,warning,This is an Assignment As Value atom,/xdiff/xdiffi.c,958,4,961,4
Empty scope,,warning,This is an Assignment As Value atom,/xdiff/xdiffi.c,389,2,390,14
Empty scope,,warning,This is an Assignment As Value atom,/xdiff/xdiffi.c,347,2,351,2
Empty scope,,warning,This is an Assignment As Value atom,/xdiff/xhistogram.c,298,2,299,15
Empty scope,,warning,This is an Assignment As Value atom,/xdiff/xhistogram.c,304,2,305,15
Empty scope,,warning,This is an Assignment As Value atom,/xdiff/xhistogram.c,310,2,311,15
Empty scope,,warning,This is an Assignment As Value atom,/xdiff/xhistogram.c,148,3,149,13
Empty scope,,warning,This is an Assignment As Value atom,/xdiff/xmerge.c,168,2,172,40
Empty scope,,warning,This is an Assignment As Value atom,/xdiff/xprepare.c,391,2,394,2
Empty scope,,warning,This is an Assignment As Value atom,/xdiff/xprepare.c,399,2,400,25
Empty scope,,warning,This is an Assignment As Value atom,/xdiff/xprepare.c,407,2,408,25
Empty scope,,warning,This is an Assignment As Value atom,/xdiff/xprepare.c,181,2,182,13
Empty scope,,warning,This is an Assignment As Value atom,/xdiff/xprepare.c,189,3,190,14
Empty scope,,warning,This is an Assignment As Value atom,/xdiff/xprepare.c,195,2,216,2
Empty scope,,warning,This is an Assignment As Value atom,/xdiff/xprepare.c,201,5,202,16
Empty scope,,warning,This is an Assignment As Value atom,/xdiff/xprepare.c,205,4,206,15
Empty scope,,warning,This is an Assignment As Value atom,/xdiff/xprepare.c,218,2,219,13
Empty scope,,warning,This is an Assignment As Value atom,/xdiff/xprepare.c,222,2,223,13
Empty scope,,warning,This is an Assignment As Value atom,/xdiff/xprepare.c,224,2,225,13
Empty scope,,warning,This is an Assignment As Value atom,/xdiff/xprepare.c,126,3,129,3
Empty scope,,warning,This is an Assignment As Value atom,/xdiff/xprepare.c,133,4,136,4
Empty scope,,warning,This is an Assignment As Value atom,/xdiff/xprepare.c,81,2,85,2
Empty scope,,warning,This is an Assignment As Value atom,/xdiff/xprepare.c,89,2,94,2
Empty scope,,warning,This is an Assignment As Value atom,/xdiff/xutils.c,129,2,138,2
Empty scope,,warning,This is an Assignment As Value atom,/xdiff/xutils.c,132,4,135,10
Empty scope,,warning,This is an Assignment As Value atom,/xdiff/xutils.c,104,2,117,2
Empty scope,,warning,This is an Assignment As Value atom,/xdiff/xutils.c,105,3,108,3
Empty scope,,warning,This is an Assignment As Value atom,/xdiff-interface.c,169,2,170,52
Empty scope,,warning,This is an Assignment As Value atom,/alias.c,45,7,45,19
Empty scope,,warning,This is an Assignment As Value atom,/apply.c,4855,4,4855,54
Empty scope,,warning,This is an Assignment As Value atom,/apply.c,4141,15,4141,29
Empty scope,,warning,This is an Assignment As Value atom,/apply.c,4141,7,4141,29
Empty scope,,warning,This is an Assignment As Value atom,/apply.c,4065,7,4065,54
Empty scope,,warning,This is an Assignment As Value atom,/apply.c,3028,4,3028,34
Empty scope,,warning,This is an Assignment As Value atom,/apply.c,2453,2,2453,44
Empty scope,,warning,This is an Assignment As Value atom,/apply.c,2356,3,2356,41
Empty scope,,warning,This is an Assignment As Value atom,/apply.c,2361,11,2361,27
Empty scope,,warning,This is an Assignment As Value atom,/apply.c,2361,7,2361,27
Empty scope,,warning,This is an Assignment As Value atom,/apply.c,1893,2,1893,47
Empty scope,,warning,This is an Assignment As Value atom,/apply.c,1708,2,1708,20
Empty scope,,warning,This is an Assignment As Value atom,/apply.c,1542,2,1542,38
Empty scope,,warning,This is an Assignment As Value atom,/apply.c,1543,2,1543,38
Empty scope,,warning,This is an Assignment As Value atom,/apply.c,1544,2,1544,38
Empty scope,,warning,This is an Assignment As Value atom,/apply.c,1545,2,1545,41
Empty scope,,warning,This is an Assignment As Value atom,/apply.c,581,2,581,44
Empty scope,,warning,This is an Assignment As Value atom,/apply.c,561,2,561,43
Empty scope,,warning,This is an Assignment As Value atom,/archive-zip.c,345,4,345,22
Empty scope,,warning,This is an Assignment As Value atom,/archive-zip.c,367,3,369,25
Empty scope,,warning,This is an Assignment As Value atom,/argv-array.c,47,9,47,38
Empty scope,,warning,This is an Assignment As Value atom,/attr.c,696,10,696,25
Empty scope,,warning,This is an Assignment As Value atom,/attr.c,587,17,587,52
Empty scope,,warning,This is an Assignment As Value atom,/attr.c,176,11,176,38
Empty scope,,warning,This is an Assignment As Value atom,/bisect.c,825,2,825,29
Empty scope,,warning,This is an Assignment As Value atom,/bisect.c,377,7,377,22
Empty scope,,warning,This is an Assignment As Value atom,/blame.c,1443,9,1443,20
Empty scope,,warning,This is an Assignment As Value atom,/builtin/add.c,134,2,134,25
Empty scope,,warning,This is an Assignment As Value atom,/builtin/branch.c,413,3,413,74
Empty scope,,warning,This is an Assignment As Value atom,/builtin/branch.c,126,8,128,23
Empty scope,,warning,This is an Assignment As Value atom,/builtin/check-ref-format.c,28,10,28,24
Empty scope,,warning,This is an Assignment As Value atom,/builtin/checkout.c,830,2,830,69
Empty scope,,warning,This is an Assignment As Value atom,/builtin/checkout.c,732,10,732,31
Empty scope,,warning,This is an Assignment As Value atom,/builtin/clean.c,867,13,867,25
Empty scope,,warning,This is an Assignment As Value atom,/builtin/clean.c,867,7,867,25
Empty scope,,warning,This is an Assignment As Value atom,/builtin/clean.c,192,10,192,25
Empty scope,,warning,This is an Assignment As Value atom,/builtin/clone.c,414,10,414,26
Empty scope,,warning,This is an Assignment As Value atom,/builtin/diff-files.c,66,3,66,52
Empty scope,,warning,This is an Assignment As Value atom,/builtin/diff.c,247,3,247,56
Empty scope,,warning,This is an Assignment As Value atom,/builtin/diff.c,195,3,195,56
Empty scope,,warning,This is an Assignment As Value atom,/builtin/difftool.c,373,2,373,48
Empty scope,,warning,This is an Assignment As Value atom,/builtin/difftool.c,377,2,377,48
Empty scope,,warning,This is an Assignment As Value atom,/builtin/difftool.c,540,10,540,41
Empty scope,,warning,This is an Assignment As Value atom,/builtin/difftool.c,559,10,559,41
Empty scope,,warning,This is an Assignment As Value atom,/builtin/difftool.c,176,3,176,33
Empty scope,,warning,This is an Assignment As Value atom,/builtin/fast-export.c,1070,10,1070,37
Empty scope,,warning,This is an Assignment As Value atom,/builtin/fmt-merge-msg.c,605,2,606,66
Empty scope,,warning,This is an Assignment As Value atom,/builtin/fmt-merge-msg.c,583,7,583,15
Empty scope,,warning,This is an Assignment As Value atom,/builtin/fmt-merge-msg.c,355,10,355,35
Empty scope,,warning,This is an Assignment As Value atom,/builtin/gc.c,154,10,154,27
Empty scope,,warning,This is an Assignment As Value atom,/builtin/grep.c,689,3,689,52
Empty scope,,warning,This is an Assignment As Value atom,/builtin/grep.c,697,2,697,55
Empty scope,,warning,This is an Assignment As Value atom,/builtin/hash-object.c,149,4,149,47
Empty scope,,warning,This is an Assignment As Value atom,/builtin/help.c,374,3,374,50
Empty scope,,warning,This is an Assignment As Value atom,/builtin/index-pack.c,821,4,821,50
Empty scope,,warning,This is an Assignment As Value atom,/builtin/init-db.c,108,3,108,64
Empty scope,,warning,This is an Assignment As Value atom,/builtin/init-db.c,42,10,42,26
Empty scope,,warning,This is an Assignment As Value atom,/builtin/log.c,1939,10,1939,37
Empty scope,,warning,This is an Assignment As Value atom,/builtin/log.c,1692,10,1692,36
Empty scope,,warning,This is an Assignment As Value atom,/builtin/log.c,1366,10,1366,37
Empty scope,,warning,This is an Assignment As Value atom,/builtin/log.c,1145,2,1145,58
Empty scope,,warning,This is an Assignment As Value atom,/builtin/log.c,1079,10,1079,16
Empty scope,,warning,This is an Assignment As Value atom,/builtin/log.c,913,10,913,42
Empty scope,,warning,This is an Assignment As Value atom,/builtin/log.c,628,4,628,41
Empty scope,,warning,This is an Assignment As Value atom,/builtin/log.c,368,10,368,35
Empty scope,,warning,This is an Assignment As Value atom,/builtin/ls-remote.c,26,10,26,25
Empty scope,,warning,This is an Assignment As Value atom,/builtin/ls-tree.c,158,3,158,32
Empty scope,,warning,This is an Assignment As Value atom,/builtin/mailsplit.c,132,11,132,29
Empty scope,,warning,This is an Assignment As Value atom,/builtin/merge.c,1146,2,1146,73
Empty scope,,warning,This is an Assignment As Value atom,/builtin/merge.c,491,5,491,33
Empty scope,,warning,This is an Assignment As Value atom,/builtin/merge.c,376,10,376,36
Empty scope,,warning,This is an Assignment As Value atom,/builtin/mktree.c,105,3,105,45
Empty scope,,warning,This is an Assignment As Value atom,/builtin/mktree.c,50,7,50,18
Empty scope,,warning,This is an Assignment As Value atom,/builtin/name-rev.c,79,3,79,48
Empty scope,,warning,This is an Assignment As Value atom,/builtin/notes.c,726,2,727,54
Empty scope,,warning,This is an Assignment As Value atom,/builtin/pack-objects.c,2402,2,2402,18
Empty scope,,warning,This is an Assignment As Value atom,/builtin/pack-objects.c,1382,2,1382,50
Empty scope,,warning,This is an Assignment As Value atom,/builtin/pack-objects.c,743,2,743,70
Empty scope,,warning,This is an Assignment As Value atom,/builtin/pack-objects.c,675,7,675,20
Empty scope,,warning,This is an Assignment As Value atom,/builtin/pack-objects.c,398,10,398,18
Empty scope,,warning,This is an Assignment As Value atom,/builtin/pack-objects.c,256,8,256,65
Empty scope,,warning,This is an Assignment As Value atom,/builtin/pack-objects.c,307,10,307,18
Empty scope,,warning,This is an Assignment As Value atom,/builtin/pack-redundant.c,685,2,685,50
Empty scope,,warning,This is an Assignment As Value atom,/builtin/pack-redundant.c,518,10,518,20
Empty scope,,warning,This is an Assignment As Value atom,/builtin/pack-redundant.c,519,11,519,31
Empty scope,,warning,This is an Assignment As Value atom,/builtin/pack-redundant.c,452,3,452,51
Empty scope,,warning,This is an Assignment As Value atom,/builtin/pack-redundant.c,397,10,397,26
Empty scope,,warning,This is an Assignment As Value atom,/builtin/pack-redundant.c,90,2,90,36
Empty scope,,warning,This is an Assignment As Value atom,/builtin/pack-redundant.c,76,2,76,38
Empty scope,,warning,This is an Assignment As Value atom,/builtin/pack-redundant.c,66,10,66,33
Empty scope,,warning,This is an Assignment As Value atom,/builtin/patch-id.c,108,5,108,22
Empty scope,,warning,This is an Assignment As Value atom,/builtin/patch-id.c,128,4,128,22
Empty scope,,warning,This is an Assignment As Value atom,/builtin/patch-id.c,21,10,21,19
Empty scope,,warning,This is an Assignment As Value atom,/builtin/prune.c,94,10,94,26
Empty scope,,warning,This is an Assignment As Value atom,/builtin/read-tree.c,185,3,185,24
Empty scope,,warning,This is an Assignment As Value atom,/builtin/receive-pack.c,1970,7,1970,41
Empty scope,,warning,This is an Assignment As Value atom,/builtin/receive-pack.c,1517,2,1517,70
Empty scope,,warning,This is an Assignment As Value atom,/builtin/receive-pack.c,1249,2,1250,31
Empty scope,,warning,This is an Assignment As Value atom,/builtin/receive-pack.c,601,10,601,66
Empty scope,,warning,This is an Assignment As Value atom,/builtin/reflog.c,529,2,529,20
Empty scope,,warning,This is an Assignment As Value atom,/builtin/reflog.c,297,2,297,17
Empty scope,,warning,This is an Assignment As Value atom,/builtin/remote.c,1205,3,1205,30
Empty scope,,warning,This is an Assignment As Value atom,/builtin/remote.c,468,2,468,43
Empty scope,,warning,This is an Assignment As Value atom,/builtin/remote.c,439,3,439,58
Empty scope,,warning,This is an Assignment As Value atom,/builtin/remote.c,452,3,452,58
Empty scope,,warning,This is an Assignment As Value atom,/builtin/repack.c,97,10,97,25
Empty scope,,warning,This is an Assignment As Value atom,/builtin/repack.c,66,10,66,25
Empty scope,,warning,This is an Assignment As Value atom,/builtin/rev-parse.c,309,7,309,32
Empty scope,,warning,This is an Assignment As Value atom,/builtin/rev-parse.c,313,14,313,39
Empty scope,,warning,This is an Assignment As Value atom,/builtin/rev-parse.c,317,14,317,39
Empty scope,,warning,This is an Assignment As Value atom,/builtin/rev-parse.c,104,11,104,21
Empty scope,,warning,This is an Assignment As Value atom,/builtin/revert.c,83,10,83,44
Empty scope,,warning,This is an Assignment As Value atom,/builtin/send-pack.c,217,12,217,42
Empty scope,,warning,This is an Assignment As Value atom,/builtin/shortlog.c,192,10,192,35
Empty scope,,warning,This is an Assignment As Value atom,/builtin/shortlog.c,85,13,85,36
Empty scope,,warning,This is an Assignment As Value atom,/builtin/show-branch.c,572,7,572,19
Empty scope,,warning,This is an Assignment As Value atom,/builtin/show-ref.c,64,11,64,18
Empty scope,,warning,This is an Assignment As Value atom,/builtin/tag.c,302,8,302,52
Empty scope,,warning,This is an Assignment As Value atom,/builtin/tag.c,310,8,310,39
Empty scope,,warning,This is an Assignment As Value atom,/builtin/unpack-objects.c,299,10,299,18
Empty scope,,warning,This is an Assignment As Value atom,/builtin/update-index.c,858,14,858,45
Empty scope,,warning,This is an Assignment As Value atom,/builtin/update-index.c,858,2,858,45
Empty scope,,warning,This is an Assignment As Value atom,/builtin/update-index.c,556,4,556,43
Empty scope,,warning,This is an Assignment As Value atom,/builtin/upload-archive.c,90,2,90,29
Empty scope,,warning,This is an Assignment As Value atom,/builtin/var.c,48,8,48,25
Empty scope,,warning,This is an Assignment As Value atom,/builtin/worktree.c,119,10,119,25
Empty scope,,warning,This is an Assignment As Value atom,/cache-tree.c,210,7,210,19
Empty scope,,warning,This is an Assignment As Value atom,/column.c,30,10,30,41
Empty scope,,warning,This is an Assignment As Value atom,/combine-diff.c,444,4,444,51
Empty scope,,warning,This is an Assignment As Value atom,/combine-diff.c,63,10,63,18
Empty scope,,warning,This is an Assignment As Value atom,/commit.c,919,8,919,21
Empty scope,,warning,This is an Assignment As Value atom,/commit.c,939,7,939,20
Empty scope,,warning,This is an Assignment As Value atom,/commit.c,732,10,732,40
Empty scope,,warning,This is an Assignment As Value atom,/commit.c,538,11,538,33
Empty scope,,warning,This is an Assignment As Value atom,/commit.c,470,10,470,16
Empty scope,,warning,This is an Assignment As Value atom,/commit.c,221,7,221,17
Empty scope,,warning,This is an Assignment As Value atom,/compat/obstack.c,358,7,358,52
Empty scope,,warning,This is an Assignment As Value atom,/compat/obstack.c,259,3,259,67
Empty scope,,warning,This is an Assignment As Value atom,/compat/obstack.c,217,3,217,55
Empty scope,,warning,This is an Assignment As Value atom,/compat/obstack.c,220,3,221,26
Empty scope,,warning,This is an Assignment As Value atom,/compat/obstack.c,222,3,223,36
Empty scope,,warning,This is an Assignment As Value atom,/compat/obstack.c,169,3,169,55
Empty scope,,warning,This is an Assignment As Value atom,/compat/obstack.c,172,3,173,26
Empty scope,,warning,This is an Assignment As Value atom,/compat/obstack.c,174,3,175,36
Empty scope,,warning,This is an Assignment As Value atom,/compat/regex/regex_internal.c,1176,13,1176,23
Empty scope,,warning,This is an Assignment As Value atom,/compat/regex/regex_internal.c,1176,8,1176,23
Empty scope,,warning,This is an Assignment As Value atom,/compat/regex/regex_internal.c,1048,4,1048,32
Empty scope,,warning,This is an Assignment As Value atom,/compat/regex/regex_internal.c,1000,7,1000,33
Empty scope,,warning,This is an Assignment As Value atom,/compat/regex/regcomp.c,1819,2,1819,42
Empty scope,,warning,This is an Assignment As Value atom,/compat/regex/regcomp.c,1361,3,1361,62
Empty scope,,warning,This is an Assignment As Value atom,/compat/regex/regcomp.c,1362,3,1362,71
Empty scope,,warning,This is an Assignment As Value atom,/compat/regex/regcomp.c,1068,28,1069,48
Empty scope,,warning,This is an Assignment As Value atom,/compat/regex/regcomp.c,1068,5,1069,48
Empty scope,,warning,This is an Assignment As Value atom,/compat/regex/regcomp.c,751,3,751,35
Empty scope,,warning,This is an Assignment As Value atom,/compat/regex/regexec.c,4284,3,4284,34
Empty scope,,warning,This is an Assignment As Value atom,/compat/regex/regexec.c,3637,5,3637,48
Empty scope,,warning,This is an Assignment As Value atom,/compat/regex/regexec.c,3656,5,3656,49
Empty scope,,warning,This is an Assignment As Value atom,/compat/regex/regexec.c,3678,6,3678,62
Empty scope,,warning,This is an Assignment As Value atom,/compat/regex/regexec.c,3684,4,3684,32
Empty scope,,warning,This is an Assignment As Value atom,/compat/regex/regexec.c,3687,8,3687,62
Empty scope,,warning,This is an Assignment As Value atom,/compat/regex/regexec.c,3688,8,3688,64
Empty scope,,warning,This is an Assignment As Value atom,/compat/regex/regexec.c,3352,3,3352,45
Empty scope,,warning,This is an Assignment As Value atom,/compat/regex/regexec.c,3460,7,3461,62
Empty scope,,warning,This is an Assignment As Value atom,/compat/regex/regexec.c,3491,7,3492,66
Empty scope,,warning,This is an Assignment As Value atom,/compat/regex/regexec.c,2360,7,2361,60
Empty scope,,warning,This is an Assignment As Value atom,/compat/regex/regexec.c,667,7,667,23
Empty scope,,warning,This is an Assignment As Value atom,/compat/regex/regexec.c,828,28,828,70
Empty scope,,warning,This is an Assignment As Value atom,/compat/regex/regexec.c,828,7,828,70
Empty scope,,warning,This is an Assignment As Value atom,/compat/regex/regexec.c,877,2,877,51
Empty scope,,warning,This is an Assignment As Value atom,/compat/regex/regexec.c,583,7,583,46
Empty scope,,warning,This is an Assignment As Value atom,/compat/regex/regexec.c,547,5,547,38
Empty scope,,warning,This is an Assignment As Value atom,/config.c,2767,3,2767,56
Empty scope,,warning,This is an Assignment As Value atom,/config.c,2467,3,2467,56
Empty scope,,warning,This is an Assignment As Value atom,/config.c,2597,5,2597,44
Empty scope,,warning,This is an Assignment As Value atom,/config.c,1745,10,1745,41
Empty scope,,warning,This is an Assignment As Value atom,/connect.c,843,3,843,27
Empty scope,,warning,This is an Assignment As Value atom,/connect.c,691,7,691,37
Empty scope,,warning,This is an Assignment As Value atom,/convert.c,1490,2,1490,32
Empty scope,,warning,This is an Assignment As Value atom,/convert.c,697,10,697,52
Empty scope,,warning,This is an Assignment As Value atom,/convert.c,232,2,232,40
Empty scope,,warning,This is an Assignment As Value atom,/hashmap.h,413,10,413,40
Empty scope,,warning,This is an Assignment As Value atom,/list.h,163,2,163,20
Empty scope,,warning,This is an Assignment As Value atom,/list.h,86,2,86,21
Empty scope,,warning,This is an Assignment As Value atom,/credential-store.c,171,8,171,55
Empty scope,,warning,This is an Assignment As Value atom,/diff-no-index.c,148,8,148,18
Empty scope,,warning,This is an Assignment As Value atom,/diff-no-index.c,28,10,28,25
Empty scope,,warning,This is an Assignment As Value atom,/diff.c,5797,2,5797,24
Empty scope,,warning,This is an Assignment As Value atom,/diff.c,5711,2,5711,24
Empty scope,,warning,This is an Assignment As Value atom,/diff.c,5718,8,5718,20
Empty scope,,warning,This is an Assignment As Value atom,/diff.c,5677,2,5677,20
Empty scope,,warning,This is an Assignment As Value atom,/diff.c,5479,2,5479,20
Empty scope,,warning,This is an Assignment As Value atom,/diff.c,4672,12,4672,67
Empty scope,,warning,This is an Assignment As Value atom,/diff.c,4751,12,4751,68
Empty scope,,warning,This is an Assignment As Value atom,/diff.c,4789,12,4789,49
Empty scope,,warning,This is an Assignment As Value atom,/diff.c,4793,12,4793,49
Empty scope,,warning,This is an Assignment As Value atom,/diff.c,4797,14,4797,51
Empty scope,,warning,This is an Assignment As Value atom,/diff.c,4806,12,4806,49
Empty scope,,warning,This is an Assignment As Value atom,/diff.c,4810,12,4810,64
Empty scope,,warning,This is an Assignment As Value atom,/diff.c,4828,12,4828,63
Empty scope,,warning,This is an Assignment As Value atom,/diff.c,4832,12,4832,64
Empty scope,,warning,This is an Assignment As Value atom,/diff.c,4838,12,4838,63
Empty scope,,warning,This is an Assignment As Value atom,/diff.c,4843,3,4843,44
Empty scope,,warning,This is an Assignment As Value atom,/diff.c,4853,12,4853,59
Empty scope,,warning,This is an Assignment As Value atom,/diff.c,4512,16,4512,32
Empty scope,,warning,This is an Assignment As Value atom,/diff.c,4521,15,4521,31
Empty scope,,warning,This is an Assignment As Value atom,/diff.c,4169,3,4169,44
Empty scope,,warning,This is an Assignment As Value atom,/diff.c,3712,3,3712,39
Empty scope,,warning,This is an Assignment As Value atom,/diff.c,3336,2,3336,56
Empty scope,,warning,This is an Assignment As Value atom,/diff.c,2779,4,2779,21
Empty scope,,warning,This is an Assignment As Value atom,/diff.c,2049,3,2049,56
Empty scope,,warning,This is an Assignment As Value atom,/diff.c,1862,2,1862,61
Empty scope,,warning,This is an Assignment As Value atom,/diff.c,1787,2,1787,63
Empty scope,,warning,This is an Assignment As Value atom,/diff.c,1707,3,1708,42
Empty scope,,warning,This is an Assignment As Value atom,/diff.c,1714,3,1714,63
Empty scope,,warning,This is an Assignment As Value atom,/diffcore-break.c,267,2,267,24
Empty scope,,warning,This is an Assignment As Value atom,/diffcore-break.c,167,2,167,24
Empty scope,,warning,This is an Assignment As Value atom,/diffcore-delta.c,176,2,176,29
Empty scope,,warning,This is an Assignment As Value atom,/diffcore-delta.c,191,2,191,12
Empty scope,,warning,This is an Assignment As Value atom,/diffcore-delta.c,141,2,141,20
Empty scope,,warning,This is an Assignment As Value atom,/diffcore-delta.c,159,3,159,21
Empty scope,,warning,This is an Assignment As Value atom,/diffcore-pickaxe.c,172,2,172,24
Empty scope,,warning,This is an Assignment As Value atom,/diffcore-rename.c,541,7,541,21
Empty scope,,warning,This is an Assignment As Value atom,/diffcore-rename.c,590,2,590,24
Empty scope,,warning,This is an Assignment As Value atom,/diffcore-rename.c,671,2,671,37
Empty scope,,warning,This is an Assignment As Value atom,/diffcore-rename.c,673,2,673,37
Empty scope,,warning,This is an Assignment As Value atom,/diffcore-rename.c,412,7,412,21
Empty scope,,warning,This is an Assignment As Value atom,/dir.c,2635,2,2635,50
Empty scope,,warning,This is an Assignment As Value atom,/dir.c,2645,2,2645,67
Empty scope,,warning,This is an Assignment As Value atom,/dir.c,2309,10,2309,25
Empty scope,,warning,This is an Assignment As Value atom,/dir.c,2265,10,2265,25
Empty scope,,warning,This is an Assignment As Value atom,/dir.c,2160,8,2160,16
Empty scope,,warning,This is an Assignment As Value atom,/dir.c,1077,10,1077,33
Empty scope,,warning,This is an Assignment As Value atom,/dir.c,497,8,497,28
Empty scope,,warning,This is an Assignment As Value atom,/entry.c,57,10,57,26
Empty scope,,warning,This is an Assignment As Value atom,/ewah/ewah_bitmap.c,567,5,567,35
Empty scope,,warning,This is an Assignment As Value atom,/ewah/ewah_io.c,178,2,178,65
Empty scope,,warning,This is an Assignment As Value atom,/ewah/ewah_io.c,134,2,134,53
Empty scope,,warning,This is an Assignment As Value atom,/exec_cmd.c,155,3,155,44
Empty scope,,warning,This is an Assignment As Value atom,/fast-import.c,2198,10,2198,24
Empty scope,,warning,This is an Assignment As Value atom,/fast-import.c,1617,3,1617,55
Empty scope,,warning,This is an Assignment As Value atom,/fast-import.c,1399,2,1399,37
Empty scope,,warning,This is an Assignment As Value atom,/fast-import.c,1423,4,1423,56
Empty scope,,warning,This is an Assignment As Value atom,/fast-import.c,1381,10,1381,19
Empty scope,,warning,This is an Assignment As Value atom,/fast-import.c,1138,2,1138,40
Empty scope,,warning,This is an Assignment As Value atom,/fast-import.c,1159,4,1159,48
Empty scope,,warning,This is an Assignment As Value atom,/fast-import.c,1187,10,1187,18
Empty scope,,warning,This is an Assignment As Value atom,/fetch-pack.c,1039,7,1039,19
Empty scope,,warning,This is an Assignment As Value atom,/fetch-pack.c,966,7,966,63
Empty scope,,warning,This is an Assignment As Value atom,/fetch-pack.c,360,9,360,39
Empty scope,,warning,This is an Assignment As Value atom,/fetch-pack.c,419,11,419,46
Empty scope,,warning,This is an Assignment As Value atom,/fetch-pack.c,453,10,453,24
Empty scope,,warning,This is an Assignment As Value atom,/fetch-pack.c,247,11,247,43
Empty scope,,warning,This is an Assignment As Value atom,/fsck.c,813,3,814,53
Empty scope,,warning,This is an Assignment As Value atom,/git.c,693,4,693,40
Empty scope,,warning,This is an Assignment As Value atom,/git.c,540,3,540,24
Empty scope,,warning,This is an Assignment As Value atom,/gpg-interface.c,184,7,184,20
Empty scope,,warning,This is an Assignment As Value atom,/grep.c,1442,4,1442,27
Empty scope,,warning,This is an Assignment As Value atom,/grep.c,1314,2,1314,35
Empty scope,,warning,This is an Assignment As Value atom,/grep.c,1087,3,1087,34
Empty scope,,warning,This is an Assignment As Value atom,/hashmap.c,182,11,182,38
Empty scope,,warning,This is an Assignment As Value atom,/hashmap.c,21,10,21,35
Empty scope,,warning,This is an Assignment As Value atom,/hashmap.c,13,10,13,35
Empty scope,,warning,This is an Assignment As Value atom,/help.c,155,3,155,34
Empty scope,,warning,This is an Assignment As Value atom,/help.c,157,9,157,38
Empty scope,,warning,This is an Assignment As Value atom,/help.c,119,10,119,26
Empty scope,,warning,This is an Assignment As Value atom,/help.c,64,7,64,17
Empty scope,,warning,This is an Assignment As Value atom,/help.c,64,2,64,17
Empty scope,,warning,This is an Assignment As Value atom,/help.c,49,7,49,15
Empty scope,,warning,This is an Assignment As Value atom,/http-push.c,1330,10,1330,36
Empty scope,,warning,This is an Assignment As Value atom,/http.c,1335,18,1335,25
Empty scope,,warning,This is an Assignment As Value atom,/ident.c,224,10,224,17
Empty scope,,warning,This is an Assignment As Value atom,/imap-send.c,1187,7,1187,15
Empty scope,,warning,This is an Assignment As Value atom,/imap-send.c,1203,3,1203,32
Empty scope,,warning,This is an Assignment As Value atom,/imap-send.c,1200,7,1200,15
Empty scope,,warning,This is an Assignment As Value atom,/imap-send.c,958,2,958,45
Empty scope,,warning,This is an Assignment As Value atom,/imap-send.c,959,2,959,49
Empty scope,,warning,This is an Assignment As Value atom,/imap-send.c,750,10,750,51
Empty scope,,warning,This is an Assignment As Value atom,/imap-send.c,754,16,754,36
Empty scope,,warning,This is an Assignment As Value atom,/imap-send.c,674,10,674,29
Empty scope,,warning,This is an Assignment As Value atom,/imap-send.c,388,3,388,32
Empty scope,,warning,This is an Assignment As Value atom,/imap-send.c,370,3,370,32
Empty scope,,warning,This is an Assignment As Value atom,/kwset.c,769,3,769,37
Empty scope,,warning,This is an Assignment As Value atom,/kwset.c,606,8,606,22
Empty scope,,warning,This is an Assignment As Value atom,/kwset.c,681,12,681,40
Empty scope,,warning,This is an Assignment As Value atom,/kwset.c,427,12,427,36
Empty scope,,warning,This is an Assignment As Value atom,/kwset.c,476,12,476,31
Empty scope,,warning,This is an Assignment As Value atom,/kwset.c,484,8,484,27
Empty scope,,warning,This is an Assignment As Value atom,/kwset.c,292,3,292,38
Empty scope,,warning,This is an Assignment As Value atom,/kwset.c,179,8,179,42
Empty scope,,warning,This is an Assignment As Value atom,/kwset.c,220,9,220,35
Empty scope,,warning,This is an Assignment As Value atom,/kwset.c,240,9,240,35
Empty scope,,warning,This is an Assignment As Value atom,/line-log.c,819,2,819,36
Empty scope,,warning,This is an Assignment As Value atom,/line-log.c,774,2,774,24
Empty scope,,warning,This is an Assignment As Value atom,/line-log.c,767,2,767,22
Empty scope,,warning,This is an Assignment As Value atom,/line-log.c,641,8,641,45
Empty scope,,warning,This is an Assignment As Value atom,/line-log.c,641,2,641,45
Empty scope,,warning,This is an Assignment As Value atom,/line-log.c,337,2,337,41
Empty scope,,warning,This is an Assignment As Value atom,/line-log.c,56,2,56,25
Empty scope,,warning,This is an Assignment As Value atom,/line-log.c,38,2,38,23
Empty scope,,warning,This is an Assignment As Value atom,/line-log.c,29,2,29,23
Empty scope,,warning,This is an Assignment As Value atom,/line-range.c,249,2,249,18
Empty scope,,warning,This is an Assignment As Value atom,/list-objects.c,196,10,196,36
Empty scope,,warning,This is an Assignment As Value atom,/mailinfo.c,854,10,854,19
Empty scope,,warning,This is an Assignment As Value atom,/mailinfo.c,458,37,458,57
Empty scope,,warning,This is an Assignment As Value atom,/mailinfo.c,396,10,396,18
Empty scope,,warning,This is an Assignment As Value atom,/mailinfo.c,423,4,423,16
Empty scope,,warning,This is an Assignment As Value atom,/mailinfo.c,368,10,368,18
Empty scope,,warning,This is an Assignment As Value atom,/mailinfo.c,120,10,120,18
Empty scope,,warning,This is an Assignment As Value atom,/mailinfo.c,93,10,93,18
Empty scope,,warning,This is an Assignment As Value atom,/mailinfo.c,65,10,65,18
Empty scope,,warning,This is an Assignment As Value atom,/mailmap.c,170,7,170,62
Empty scope,,warning,This is an Assignment As Value atom,/mailmap.c,120,2,120,22
Empty scope,,warning,This is an Assignment As Value atom,/match-trees.c,248,2,248,50
Empty scope,,warning,This is an Assignment As Value atom,/merge-recursive.c,1724,13,1724,42
Empty scope,,warning,This is an Assignment As Value atom,/merge-recursive.c,1724,2,1724,42
Empty scope,,warning,This is an Assignment As Value atom,/merge-recursive.c,1464,15,1464,64
Empty scope,,warning,This is an Assignment As Value atom,/merge-recursive.c,1229,7,1229,67
Empty scope,,warning,This is an Assignment As Value atom,/merge-recursive.c,1102,3,1102,62
Empty scope,,warning,This is an Assignment As Value atom,/merge-recursive.c,1078,13,1078,42
Empty scope,,warning,This is an Assignment As Value atom,/merge-recursive.c,1078,2,1078,42
Empty scope,,warning,This is an Assignment As Value atom,/mergesort.c,43,3,43,19
Empty scope,,warning,This is an Assignment As Value atom,/mergesort.c,46,4,46,42
Empty scope,,warning,This is an Assignment As Value atom,/mergesort.c,48,4,48,42
Empty scope,,warning,This is an Assignment As Value atom,/mru.c,49,2,49,29
Empty scope,,warning,This is an Assignment As Value atom,/notes-merge.c,692,10,692,25
Empty scope,,warning,This is an Assignment As Value atom,/notes.c,1156,2,1156,35
Empty scope,,warning,This is an Assignment As Value atom,/notes.c,694,3,694,36
Empty scope,,warning,This is an Assignment As Value atom,/notes.c,672,2,672,31
Empty scope,,warning,This is an Assignment As Value atom,/object.c,393,2,393,29
Empty scope,,warning,This is an Assignment As Value atom,/object.c,375,7,375,19
Empty scope,,warning,This is an Assignment As Value atom,/object.c,93,2,93,42
Empty scope,,warning,This is an Assignment As Value atom,/object.c,94,10,94,26
Empty scope,,warning,This is an Assignment As Value atom,/khash.h,324,1,324,75
Empty scope,,warning,This is an Assignment As Value atom,/khash.h,321,1,321,74
Empty scope,,warning,This is an Assignment As Value atom,/pack-objects.h,73,10,73,20
Empty scope,,warning,This is an Assignment As Value atom,/pack-bitmap.c,785,3,785,68
Empty scope,,warning,This is an Assignment As Value atom,/pack-bitmap.c,796,2,796,52
Empty scope,,warning,This is an Assignment As Value atom,/pack-write.c,67,19,67,36
Empty scope,,warning,This is an Assignment As Value atom,/pack-write.c,67,3,67,36
Empty scope,,warning,This is an Assignment As Value atom,/packfile.c,1532,3,1532,35
Empty scope,,warning,This is an Assignment As Value atom,/packfile.c,1127,3,1127,35
Empty scope,,warning,This is an Assignment As Value atom,/packfile.c,911,4,911,18
Empty scope,,warning,This is an Assignment As Value atom,/packfile.c,749,10,749,26
Empty scope,,warning,This is an Assignment As Value atom,/packfile.c,774,9,774,53
Empty scope,,warning,This is an Assignment As Value atom,/packfile.c,337,7,337,33
Empty scope,,warning,This is an Assignment As Value atom,/parse-options.c,416,2,416,34
Empty scope,,warning,This is an Assignment As Value atom,/parse-options.c,420,2,420,51
Empty scope,,warning,This is an Assignment As Value atom,/path.c,1281,5,1281,17
Empty scope,,warning,This is an Assignment As Value atom,/path.c,1136,11,1136,20
Empty scope,,warning,This is an Assignment As Value atom,/path.c,926,3,926,34
Empty scope,,warning,This is an Assignment As Value atom,/pathspec.c,558,3,558,52
Empty scope,,warning,This is an Assignment As Value atom,/pathspec.c,561,3,561,51
Empty scope,,warning,This is an Assignment As Value atom,/pretty.c,1804,2,1804,58
Empty scope,,warning,This is an Assignment As Value atom,/pretty.c,1816,8,1816,22
Empty scope,,warning,This is an Assignment As Value atom,/pretty.c,1691,10,1691,42
Empty scope,,warning,This is an Assignment As Value atom,/pretty.c,215,10,215,18
Empty scope,,warning,This is an Assignment As Value atom,/progress.c,154,3,154,52
Empty scope,,warning,This is an Assignment As Value atom,/progress.c,156,4,156,42
Empty scope,,warning,This is an Assignment As Value atom,/quote.c,471,10,471,19
Empty scope,,warning,This is an Assignment As Value atom,/quote.c,428,10,428,19
Empty scope,,warning,This is an Assignment As Value atom,/quote.c,410,10,410,19
Empty scope,,warning,This is an Assignment As Value atom,/quote.c,394,10,394,19
Empty scope,,warning,This is an Assignment As Value atom,/read-cache.c,2409,10,2409,26
Empty scope,,warning,This is an Assignment As Value atom,/read-cache.c,2204,11,2204,32
Empty scope,,warning,This is an Assignment As Value atom,/read-cache.c,2204,7,2204,32
Empty scope,,warning,This is an Assignment As Value atom,/read-cache.c,534,7,534,15
Empty scope,,warning,This is an Assignment As Value atom,/ref-filter.c,1923,2,1923,29
Empty scope,,warning,This is an Assignment As Value atom,/reflog-walk.c,66,3,67,22
Empty scope,,warning,This is an Assignment As Value atom,/refs/files-backend.c,1893,3,1893,26
Empty scope,,warning,This is an Assignment As Value atom,/refs/files-backend.c,467,2,467,43
Empty scope,,warning,This is an Assignment As Value atom,/refs/files-backend.c,170,10,170,24
Empty scope,,warning,This is an Assignment As Value atom,/refs/iterator.c,109,8,109,45
Empty scope,,warning,This is an Assignment As Value atom,/refs/iterator.c,114,8,114,45
Empty scope,,warning,This is an Assignment As Value atom,/refs/iterator.c,124,8,124,48
Empty scope,,warning,This is an Assignment As Value atom,/refs/iterator.c,153,9,153,45
Empty scope,,warning,This is an Assignment As Value atom,/refs/packed-backend.c,1123,7,1123,37
Empty scope,,warning,This is an Assignment As Value atom,/refs/packed-backend.c,1172,10,1172,40
Empty scope,,warning,This is an Assignment As Value atom,/refs/packed-backend.c,1210,9,1210,39
Empty scope,,warning,This is an Assignment As Value atom,/refs/packed-backend.c,172,2,172,37
Empty scope,,warning,This is an Assignment As Value atom,/refs/ref-cache.c,308,4,308,35
Empty scope,,warning,This is an Assignment As Value atom,/refs/ref-cache.c,310,2,310,26
Empty scope,,warning,This is an Assignment As Value atom,/refs/ref-cache.c,85,16,85,39
Empty scope,,warning,This is an Assignment As Value atom,/refs/ref-cache.c,85,2,85,39
Empty scope,,warning,This is an Assignment As Value atom,/refs.c,1639,3,1639,48
Empty scope,,warning,This is an Assignment As Value atom,/refs.c,698,10,698,19
Empty scope,,warning,This is an Assignment As Value atom,/refs.c,701,3,701,23
Empty scope,,warning,This is an Assignment As Value atom,/remote.c,2019,3,2019,29
Empty scope,,warning,This is an Assignment As Value atom,/remote.c,1964,2,1964,19
Empty scope,,warning,This is an Assignment As Value atom,/remote.c,1224,7,1224,18
Empty scope,,warning,This is an Assignment As Value atom,/remote.c,1162,2,1162,33
Empty scope,,warning,This is an Assignment As Value atom,/remote.c,1188,13,1188,57
Empty scope,,warning,This is an Assignment As Value atom,/remote.c,1015,7,1015,28
Empty scope,,warning,This is an Assignment As Value atom,/remote.c,171,7,171,62
Empty scope,,warning,This is an Assignment As Value atom,/rerere.c,1199,10,1199,25
Empty scope,,warning,This is an Assignment As Value atom,/rerere.c,121,10,121,26
Empty scope,,warning,This is an Assignment As Value atom,/rerere.c,44,2,44,37
Empty scope,,warning,This is an Assignment As Value atom,/revision.c,3392,11,3392,41
Empty scope,,warning,This is an Assignment As Value atom,/revision.c,3180,3,3180,26
Empty scope,,warning,This is an Assignment As Value atom,/revision.c,2640,10,2640,16
Empty scope,,warning,This is an Assignment As Value atom,/revision.c,2478,10,2478,16
Empty scope,,warning,This is an Assignment As Value atom,/revision.c,2303,7,2303,18
Empty scope,,warning,This is an Assignment As Value atom,/revision.c,2195,14,2195,61
Empty scope,,warning,This is an Assignment As Value atom,/revision.c,2201,14,2201,64
Empty scope,,warning,This is an Assignment As Value atom,/revision.c,1753,7,1753,59
Empty scope,,warning,This is an Assignment As Value atom,/revision.c,1757,14,1757,61
Empty scope,,warning,This is an Assignment As Value atom,/revision.c,1775,14,1775,64
Empty scope,,warning,This is an Assignment As Value atom,/revision.c,1778,14,1778,62
Empty scope,,warning,This is an Assignment As Value atom,/revision.c,1781,14,1781,62
Empty scope,,warning,This is an Assignment As Value atom,/revision.c,1784,14,1784,64
Empty scope,,warning,This is an Assignment As Value atom,/revision.c,1787,14,1787,63
Empty scope,,warning,This is an Assignment As Value atom,/revision.c,1790,14,1790,62
Empty scope,,warning,This is an Assignment As Value atom,/revision.c,2039,14,2039,61
Empty scope,,warning,This is an Assignment As Value atom,/revision.c,2049,12,2049,61
Empty scope,,warning,This is an Assignment As Value atom,/revision.c,2052,14,2052,66
Empty scope,,warning,This is an Assignment As Value atom,/revision.c,2055,14,2055,68
Empty scope,,warning,This is an Assignment As Value atom,/revision.c,2058,14,2058,61
Empty scope,,warning,This is an Assignment As Value atom,/revision.c,2078,14,2078,65
Empty scope,,warning,This is an Assignment As Value atom,/revision.c,623,8,623,19
Empty scope,,warning,This is an Assignment As Value atom,/revision.c,561,3,561,41
Empty scope,,warning,This is an Assignment As Value atom,/run-command.c,1192,10,1192,39
Empty scope,,warning,This is an Assignment As Value atom,/run-command.c,639,3,639,38
Empty scope,,warning,This is an Assignment As Value atom,/sequencer.c,2840,3,2840,24
Empty scope,,warning,This is an Assignment As Value atom,/sequencer.c,2857,3,2857,59
Empty scope,,warning,This is an Assignment As Value atom,/sequencer.c,2871,9,2872,24
Empty scope,,warning,This is an Assignment As Value atom,/sequencer.c,2592,2,2593,50
Empty scope,,warning,This is an Assignment As Value atom,/sequencer.c,2638,3,2638,31
Empty scope,,warning,This is an Assignment As Value atom,/sequencer.c,2476,10,2476,37
Empty scope,,warning,This is an Assignment As Value atom,/sequencer.c,2271,7,2271,48
Empty scope,,warning,This is an Assignment As Value atom,/sequencer.c,1533,10,1533,42
Empty scope,,warning,This is an Assignment As Value atom,/sequencer.c,1218,2,1218,37
Empty scope,,warning,This is an Assignment As Value atom,/sequencer.c,533,13,533,39
Empty scope,,warning,This is an Assignment As Value atom,/server-info.c,24,2,24,32
Empty scope,,warning,This is an Assignment As Value atom,/setup.c,735,4,735,45
Empty scope,,warning,This is an Assignment As Value atom,/setup.c,153,3,153,46
Empty scope,,warning,This is an Assignment As Value atom,/sha1_file.c,1904,10,1904,26
Empty scope,,warning,This is an Assignment As Value atom,/sha1_file.c,1295,7,1295,34
Empty scope,,warning,This is an Assignment As Value atom,/sha1_file.c,622,2,622,34
Empty scope,,warning,This is an Assignment As Value atom,/sha1_name.c,618,2,618,20
Empty scope,,warning,This is an Assignment As Value atom,/sha1_name.c,678,8,678,18
Empty scope,,warning,This is an Assignment As Value atom,/sha1_name.c,472,9,472,17
Empty scope,,warning,This is an Assignment As Value atom,/shallow.c,681,7,681,17
Empty scope,,warning,This is an Assignment As Value atom,/shallow.c,702,7,702,17
Empty scope,,warning,This is an Assignment As Value atom,/shallow.c,421,7,421,17
Empty scope,,warning,This is an Assignment As Value atom,/shallow.c,110,9,110,56
Empty scope,,warning,This is an Assignment As Value atom,/sideband.c,67,12,67,35
Empty scope,,warning,This is an Assignment As Value atom,/strbuf.c,897,7,897,15
Empty scope,,warning,This is an Assignment As Value atom,/strbuf.c,23,2,23,24
Empty scope,,warning,This is an Assignment As Value atom,/streaming.c,266,2,266,26
Empty scope,,warning,This is an Assignment As Value atom,/streaming.c,267,2,267,26
Empty scope,,warning,This is an Assignment As Value atom,/streaming.c,210,3,210,27
Empty scope,,warning,This is an Assignment As Value atom,/streaming.c,237,3,237,27
Empty scope,,warning,This is an Assignment As Value atom,/string-list.c,195,2,195,27
Empty scope,,warning,This is an Assignment As Value atom,/string-list.c,177,2,177,27
Empty scope,,warning,This is an Assignment As Value atom,/string-list.c,131,8,131,41
Empty scope,,warning,This is an Assignment As Value atom,/string-list.c,113,8,113,20
Empty scope,,warning,This is an Assignment As Value atom,/sub-process.c,173,10,173,52
Empty scope,,warning,This is an Assignment As Value atom,/sub-process.c,144,7,144,49
Empty scope,,warning,This is an Assignment As Value atom,/submodule-config.c,97,10,97,41
Empty scope,,warning,This is an Assignment As Value atom,/submodule.c,1655,2,1655,36
Empty scope,,warning,This is an Assignment As Value atom,/submodule.c,1661,10,1661,37
Empty scope,,warning,This is an Assignment As Value atom,/submodule.c,743,10,743,36
Empty scope,,warning,This is an Assignment As Value atom,/submodule.c,446,10,446,35
Empty scope,,warning,This is an Assignment As Value atom,/symlinks.c,295,14,297,23
Empty scope,,warning,This is an Assignment As Value atom,/symlinks.c,295,2,297,23
Empty scope,,warning,This is an Assignment As Value atom,/symlinks.c,88,3,88,28
Empty scope,,warning,This is an Assignment As Value atom,/symlinks.c,94,3,96,41
Empty scope,,warning,This is an Assignment As Value atom,/symlinks.c,100,4,100,42
Empty scope,,warning,This is an Assignment As Value atom,/t/helper/test-config.c,152,9,152,50
Empty scope,,warning,This is an Assignment As Value atom,/t/helper/test-config.c,170,9,170,50
Empty scope,,warning,This is an Assignment As Value atom,/t/helper/test-hashmap.c,232,12,232,43
Empty scope,,warning,This is an Assignment As Value atom,/t/helper/test-line-buffer.c,71,10,71,41
Empty scope,,warning,This is an Assignment As Value atom,/t/helper/test-prio-queue.c,28,12,28,34
Empty scope,,warning,This is an Assignment As Value atom,/t/helper/test-revision-walking.c,39,10,39,36
Empty scope,,warning,This is an Assignment As Value atom,/tempfile.c,101,2,101,32
Empty scope,,warning,This is an Assignment As Value atom,/tmp-objdir.c,206,10,206,25
Empty scope,,warning,This is an Assignment As Value atom,/trailer.c,180,2,180,39
Empty scope,,warning,This is an Assignment As Value atom,/transport-helper.c,297,8,297,49
Empty scope,,warning,This is an Assignment As Value atom,/tree-walk.c,635,8,635,45
Empty scope,,warning,This is an Assignment As Value atom,/tree-walk.c,16,10,16,19
Empty scope,,warning,This is an Assignment As Value atom,/unpack-trees.c,119,2,120,24
Empty scope,,warning,This is an Assignment As Value atom,/upload-pack.c,173,3,173,14
Empty scope,,warning,This is an Assignment As Value atom,/usage.c,139,8,139,32
Empty scope,,warning,This is an Assignment As Value atom,/usage.c,138,7,138,15
Empty scope,,warning,This is an Assignment As Value atom,/utf8.c,372,11,372,48
Empty scope,,warning,This is an Assignment As Value atom,/utf8.c,278,2,278,21
Empty scope,,warning,This is an Assignment As Value atom,/utf8.c,289,11,289,52
Empty scope,,warning,This is an Assignment As Value atom,/utf8.c,325,5,325,40
Empty scope,,warning,This is an Assignment As Value atom,/utf8.c,327,5,327,24
Empty scope,,warning,This is an Assignment As Value atom,/utf8.c,216,11,216,54
Empty scope,,warning,This is an Assignment As Value atom,/varint.c,25,9,25,19
Empty scope,,warning,This is an Assignment As Value atom,/vcs-svn/svndump.c,333,10,333,37
Empty scope,,warning,This is an Assignment As Value atom,/wildmatch.c,60,11,60,19
Empty scope,,warning,This is an Assignment As Value atom,/wildmatch.c,148,14,148,25
Empty scope,,warning,This is an Assignment As Value atom,/wildmatch.c,159,10,159,41
Empty scope,,warning,This is an Assignment As Value atom,/wildmatch.c,263,30,263,40
Empty scope,,warning,This is an Assignment As Value atom,/wildmatch.c,208,11,208,20
Empty scope,,warning,This is an Assignment As Value atom,/worktree.c,378,10,378,25
Empty scope,,warning,This is an Assignment As Value atom,/worktree.c,215,7,215,45
Empty scope,,warning,This is an Assignment As Value atom,/worktree.c,219,3,219,46
Empty scope,,warning,This is an Assignment As Value atom,/worktree.c,146,11,146,26
Empty scope,,warning,This is an Assignment As Value atom,/worktree.c,151,9,151,47
Empty scope,,warning,This is an Assignment As Value atom,/wt-status.c,1456,9,1456,56
Empty scope,,warning,This is an Assignment As Value atom,/wt-status.c,1018,21,1018,41
Empty scope,,warning,This is an Assignment As Value atom,/wt-status.c,927,12,927,37
Empty scope,,warning,This is an Assignment As Value atom,/wt-status.c,359,2,359,33
Empty scope,,warning,This is an Assignment As Value atom,/xdiff/xdiffi.c,974,10,974,19
Empty scope,,warning,This is an Assignment As Value atom,/xdiff/xdiffi.c,725,2,725,22
Empty scope,,warning,This is an Assignment As Value atom,/xdiff/xdiffi.c,634,2,634,32
Empty scope,,warning,This is an Assignment As Value atom,/xdiff/xdiffi.c,297,3,297,21
Empty scope,,warning,This is an Assignment As Value atom,/xdiff/xdiffi.c,112,5,112,33
Empty scope,,warning,This is an Assignment As Value atom,/xdiff/xdiffi.c,147,5,147,33
Empty scope,,warning,This is an Assignment As Value atom,/xdiff/xdiffi.c,222,4,222,22
Empty scope,,warning,This is an Assignment As Value atom,/xdiff/xdiffi.c,234,4,234,32
Empty scope,,warning,This is an Assignment As Value atom,/xdiff/xhistogram.c,296,2,296,48
Empty scope,,warning,This is an Assignment As Value atom,/xdiff/xhistogram.c,302,2,302,34
Empty scope,,warning,This is an Assignment As Value atom,/xdiff/xmerge.c,494,2,494,19
Empty scope,,warning,This is an Assignment As Value atom,/xdiff/xmerge.c,292,7,292,18
Empty scope,,warning,This is an Assignment As Value atom,/xdiff/xprepare.c,459,2,459,32
Empty scope,,warning,This is an Assignment As Value atom,/xdiff/xprepare.c,185,3,185,19
Empty scope,,warning,This is an Assignment As Value atom,/xdiff/xprepare.c,195,7,195,46
Empty scope,,warning,This is an Assignment As Value atom,/xdiff/xprepare.c,143,3,143,31
Empty scope,,warning,This is an Assignment As Value atom,/xdiff/xutils.c,129,7,129,46
Empty scope,,warning,This is an Assignment As Value atom,/xdiff/xutils.c,93,25,93,33
Empty scope,,warning,This is an Assignment As Value atom,/xdiff/xutils.c,80,2,80,29
Empty scope,,warning,This is an Assignment As Value atom,/xdiff/xutils.c,83,2,83,31
Empty scope,,warning,This is an Assignment As Value atom,/xdiff-interface.c,258,2,258,63
Empty scope,,warning,This is an Assignment As Value atom,/xdiff-interface.c,274,4,274,52
Empty scope,,warning,This is an Assignment As Value atom,/argv-array.c,47,2,48,30
Empty scope,,warning,This is an Assignment As Value atom,/attr.c,696,2,697,56
Empty scope,,warning,This is an Assignment As Value atom,/attr.c,587,2,588,3
Empty scope,,warning,This is an Assignment As Value atom,/attr.c,176,3,179,3
Empty scope,,warning,This is an Assignment As Value atom,/blame.c,452,2,462,2
Empty scope,,warning,This is an Assignment As Value atom,/builtin/check-ref-format.c,28,2,34,2
Empty scope,,warning,This is an Assignment As Value atom,/builtin/checkout.c,732,2,737,2
Empty scope,,warning,This is an Assignment As Value atom,/builtin/clean.c,192,2,230,2
Empty scope,,warning,This is an Assignment As Value atom,/builtin/clone.c,414,2,447,2
Empty scope,,warning,This is an Assignment As Value atom,/builtin/difftool.c,540,2,551,2
Empty scope,,warning,This is an Assignment As Value atom,/builtin/difftool.c,559,2,570,2
Empty scope,,warning,This is an Assignment As Value atom,/builtin/fast-export.c,1070,2,1078,2
Empty scope,,warning,This is an Assignment As Value atom,/builtin/fmt-merge-msg.c,355,2,381,2
Empty scope,,warning,This is an Assignment As Value atom,/builtin/gc.c,154,2,162,2
Empty scope,,warning,This is an Assignment As Value atom,/builtin/init-db.c,42,2,90,2
Empty scope,,warning,This is an Assignment As Value atom,/builtin/log.c,1939,2,1941,2
Empty scope,,warning,This is an Assignment As Value atom,/builtin/log.c,1692,2,1705,2
Empty scope,,warning,This is an Assignment As Value atom,/builtin/log.c,1366,2,1377,2
Empty scope,,warning,This is an Assignment As Value atom,/builtin/log.c,1075,2,1076,6
Empty scope,,warning,This is an Assignment As Value atom,/builtin/log.c,1079,2,1083,2
Empty scope,,warning,This is an Assignment As Value atom,/builtin/log.c,913,2,915,2
Empty scope,,warning,This is an Assignment As Value atom,/builtin/log.c,368,2,388,2
Empty scope,,warning,This is an Assignment As Value atom,/builtin/ls-remote.c,26,2,31,2
Empty scope,,warning,This is an Assignment As Value atom,/builtin/mailsplit.c,132,3,138,3
Empty scope,,warning,This is an Assignment As Value atom,/builtin/merge.c,376,2,381,2
Empty scope,,warning,This is an Assignment As Value atom,/builtin/pack-objects.c,398,3,399,40
Empty scope,,warning,This is an Assignment As Value atom,/builtin/pack-objects.c,307,3,308,40
Empty scope,,warning,This is an Assignment As Value atom,/builtin/pack-redundant.c,518,2,522,2
Empty scope,,warning,This is an Assignment As Value atom,/builtin/pack-redundant.c,519,3,520,29
Empty scope,,warning,This is an Assignment As Value atom,/builtin/pack-redundant.c,397,2,403,2
Empty scope,,warning,This is an Assignment As Value atom,/builtin/pack-redundant.c,66,2,69,2
Empty scope,,warning,This is an Assignment As Value atom,/builtin/patch-id.c,21,2,24,2
Empty scope,,warning,This is an Assignment As Value atom,/builtin/prune.c,94,2,96,53
Empty scope,,warning,This is an Assignment As Value atom,/builtin/receive-pack.c,601,2,612,2
Empty scope,,warning,This is an Assignment As Value atom,/builtin/repack.c,97,2,108,2
Empty scope,,warning,This is an Assignment As Value atom,/builtin/repack.c,66,2,72,2
Empty scope,,warning,This is an Assignment As Value atom,/builtin/rev-parse.c,104,3,108,3
Empty scope,,warning,This is an Assignment As Value atom,/builtin/revert.c,83,2,86,2
Empty scope,,warning,This is an Assignment As Value atom,/builtin/send-pack.c,217,4,218,40
Empty scope,,warning,This is an Assignment As Value atom,/builtin/shortlog.c,192,2,193,35
Empty scope,,warning,This is an Assignment As Value atom,/builtin/shortlog.c,85,5,89,5
Empty scope,,warning,This is an Assignment As Value atom,/builtin/show-branch.c,311,2,314,28
Empty scope,,warning,This is an Assignment As Value atom,/builtin/show-ref.c,64,3,74,3
Empty scope,,warning,This is an Assignment As Value atom,/builtin/unpack-objects.c,299,2,310,2
Empty scope,,warning,This is an Assignment As Value atom,/builtin/worktree.c,119,2,135,2
Empty scope,,warning,This is an Assignment As Value atom,/bundle.c,172,2,174,7
Empty scope,,warning,This is an Assignment As Value atom,/column.c,30,2,34,2
Empty scope,,warning,This is an Assignment As Value atom,/combine-diff.c,63,2,86,2
Empty scope,,warning,This is an Assignment As Value atom,/commit.c,732,2,757,2
Empty scope,,warning,This is an Assignment As Value atom,/commit.c,538,3,539,44
Empty scope,,warning,This is an Assignment As Value atom,/commit.c,470,2,475,2
Empty scope,,warning,This is an Assignment As Value atom,/config.c,1745,2,1748,2
Empty scope,,warning,This is an Assignment As Value atom,/convert.c,697,2,703,2
Empty scope,,warning,This is an Assignment As Value atom,/hashmap.h,413,2,414,6
Empty scope,,warning,This is an Assignment As Value atom,/daemon.c,816,2,829,27
Empty scope,,warning,This is an Assignment As Value atom,/daemon.c,803,2,807,3
Empty scope,,warning,This is an Assignment As Value atom,/diff-no-index.c,28,2,30,39
Empty scope,,warning,This is an Assignment As Value atom,/diff.c,4512,3,4518,3
Empty scope,,warning,This is an Assignment As Value atom,/diff.c,4521,2,4539,2
Empty scope,,warning,This is an Assignment As Value atom,/diff.c,780,3,781,24
Empty scope,,warning,This is an Assignment As Value atom,/dir.c,2388,3,2390,61
Empty scope,,warning,This is an Assignment As Value atom,/dir.c,2309,2,2335,2
Empty scope,,warning,This is an Assignment As Value atom,/dir.c,2265,2,2269,3
Empty scope,,warning,This is an Assignment As Value atom,/dir.c,1077,2,1088,2
Empty scope,,warning,This is an Assignment As Value atom,/entry.c,57,2,72,2
Empty scope,,warning,This is an Assignment As Value atom,/fast-import.c,2198,2,2199,11
Empty scope,,warning,This is an Assignment As Value atom,/fast-import.c,1381,2,1385,2
Empty scope,,warning,This is an Assignment As Value atom,/fast-import.c,1187,3,1188,36
Empty scope,,warning,This is an Assignment As Value atom,/fetch-pack.c,419,3,439,3
Empty scope,,warning,This is an Assignment As Value atom,/fetch-pack.c,453,2,528,2
Empty scope,,warning,This is an Assignment As Value atom,/fetch-pack.c,247,3,253,3
Empty scope,,warning,This is an Assignment As Value atom,/hashmap.c,182,3,183,11
Empty scope,,warning,This is an Assignment As Value atom,/hashmap.c,21,2,25,2
Empty scope,,warning,This is an Assignment As Value atom,/hashmap.c,13,2,14,34
Empty scope,,warning,This is an Assignment As Value atom,/help.c,316,3,318,7
Empty scope,,warning,This is an Assignment As Value atom,/help.c,119,2,135,2
Empty scope,,warning,This is an Assignment As Value atom,/http-push.c,1330,2,1335,2
Empty scope,,warning,This is an Assignment As Value atom,/http.c,1335,2,1339,27
Empty scope,,warning,This is an Assignment As Value atom,/ident.c,224,2,228,2
Empty scope,,warning,This is an Assignment As Value atom,/imap-send.c,798,4,800,17
Empty scope,,warning,This is an Assignment As Value atom,/imap-send.c,674,2,677,25
Empty scope,,warning,This is an Assignment As Value atom,/kwset.c,624,4,629,6
Empty scope,,warning,This is an Assignment As Value atom,/list-objects.c,196,2,204,2
Empty scope,,warning,This is an Assignment As Value atom,/mailinfo.c,1008,4,1016,4
Empty scope,,warning,This is an Assignment As Value atom,/mailinfo.c,854,2,861,2
Empty scope,,warning,This is an Assignment As Value atom,/mailinfo.c,458,2,521,2
Empty scope,,warning,This is an Assignment As Value atom,/mailinfo.c,396,2,426,2
Empty scope,,warning,This is an Assignment As Value atom,/mailinfo.c,368,2,384,2
Empty scope,,warning,This is an Assignment As Value atom,/mailinfo.c,120,2,131,2
Empty scope,,warning,This is an Assignment As Value atom,/mailinfo.c,93,2,107,2
Empty scope,,warning,This is an Assignment As Value atom,/mailinfo.c,65,2,83,2
Empty scope,,warning,This is an Assignment As Value atom,/notes-merge.c,692,2,719,2
Empty scope,,warning,This is an Assignment As Value atom,/notes.c,746,2,756,2
Empty scope,,warning,This is an Assignment As Value atom,/object.c,94,2,100,2
Empty scope,,warning,This is an Assignment As Value atom,/pack-objects.h,73,2,77,2
Empty scope,,warning,This is an Assignment As Value atom,/packfile.c,749,2,788,2
Empty scope,,warning,This is an Assignment As Value atom,/path.c,1136,3,1137,14
Empty scope,,warning,This is an Assignment As Value atom,/pretty.c,1816,3,1829,3
Empty scope,,warning,This is an Assignment As Value atom,/pretty.c,1691,2,1712,2
Empty scope,,warning,This is an Assignment As Value atom,/pretty.c,215,2,218,2
Empty scope,,warning,This is an Assignment As Value atom,/prio-queue.c,24,2,25,20
Empty scope,,warning,This is an Assignment As Value atom,/quote.c,471,2,492,2
Empty scope,,warning,This is an Assignment As Value atom,/quote.c,428,2,454,2
Empty scope,,warning,This is an Assignment As Value atom,/quote.c,410,2,419,2
Empty scope,,warning,This is an Assignment As Value atom,/quote.c,394,2,398,2
Empty scope,,warning,This is an Assignment As Value atom,/read-cache.c,2409,2,2420,2
Empty scope,,warning,This is an Assignment As Value atom,/ref-filter.c,2101,2,2111,2
Empty scope,,warning,This is an Assignment As Value atom,/ref-filter.c,693,2,705,2
Empty scope,,warning,This is an Assignment As Value atom,/refs/files-backend.c,2001,2,2022,2
Empty scope,,warning,This is an Assignment As Value atom,/refs/files-backend.c,1067,2,1095,2
Empty scope,,warning,This is an Assignment As Value atom,/refs/files-backend.c,657,2,672,2
Empty scope,,warning,This is an Assignment As Value atom,/refs/files-backend.c,170,2,219,2
Empty scope,,warning,This is an Assignment As Value atom,/refs/iterator.c,417,2,428,2
Empty scope,,warning,This is an Assignment As Value atom,/refs/iterator.c,310,2,350,2
Empty scope,,warning,This is an Assignment As Value atom,/refs/packed-backend.c,852,2,863,2
Empty scope,,warning,This is an Assignment As Value atom,/refs.c,1913,2,1922,2
Empty scope,,warning,This is an Assignment As Value atom,/refs.c,698,2,705,2
Empty scope,,warning,This is an Assignment As Value atom,/rerere.c,1199,2,1220,2
Empty scope,,warning,This is an Assignment As Value atom,/rerere.c,121,2,131,2
Empty scope,,warning,This is an Assignment As Value atom,/revision.c,3392,3,3393,36
Empty scope,,warning,This is an Assignment As Value atom,/revision.c,2640,2,2652,2
Empty scope,,warning,This is an Assignment As Value atom,/revision.c,2478,2,2489,2
Empty scope,,warning,This is an Assignment As Value atom,/revision.c,622,2,704,2
Empty scope,,warning,This is an Assignment As Value atom,/run-command.c,1554,2,1559,2
Empty scope,,warning,This is an Assignment As Value atom,/run-command.c,1192,2,1193,33
Empty scope,,warning,This is an Assignment As Value atom,/run-command.c,526,2,527,3
Empty scope,,warning,This is an Assignment As Value atom,/sequencer.c,2476,2,2484,2
Empty scope,,warning,This is an Assignment As Value atom,/sequencer.c,1533,2,1548,2
Empty scope,,warning,This is an Assignment As Value atom,/sha1_file.c,1904,2,1932,2
Empty scope,,warning,This is an Assignment As Value atom,/sha1_name.c,1295,2,1317,2
Empty scope,,warning,This is an Assignment As Value atom,/sha1_name.c,472,2,473,6
Empty scope,,warning,This is an Assignment As Value atom,/sideband.c,67,4,82,4
Empty scope,,warning,This is an Assignment As Value atom,/strbuf.c,325,2,331,2
Empty scope,,warning,This is an Assignment As Value atom,/sub-process.c,173,2,189,2
Empty scope,,warning,This is an Assignment As Value atom,/submodule-config.c,97,2,98,25
Empty scope,,warning,This is an Assignment As Value atom,/submodule.c,1661,2,1665,2
Empty scope,,warning,This is an Assignment As Value atom,/submodule.c,743,2,751,2
Empty scope,,warning,This is an Assignment As Value atom,/submodule.c,446,2,457,2
Empty scope,,warning,This is an Assignment As Value atom,/t/helper/test-hashmap.c,232,4,233,52
Empty scope,,warning,This is an Assignment As Value atom,/t/helper/test-line-buffer.c,71,2,72,24
Empty scope,,warning,This is an Assignment As Value atom,/t/helper/test-prio-queue.c,28,4,29,18
Empty scope,,warning,This is an Assignment As Value atom,/t/helper/test-revision-walking.c,39,2,42,2
Empty scope,,warning,This is an Assignment As Value atom,/t/helper/test-sha1.c,21,2,26,2
Empty scope,,warning,This is an Assignment As Value atom,/tmp-objdir.c,206,2,208,39
Empty scope,,warning,This is an Assignment As Value atom,/tree-walk.c,16,2,20,2
Empty scope,,warning,This is an Assignment As Value atom,/upload-pack.c,550,2,560,2
Empty scope,,warning,This is an Assignment As Value atom,/utf8.c,372,3,376,3
Empty scope,,warning,This is an Assignment As Value atom,/utf8.c,289,3,290,16
Empty scope,,warning,This is an Assignment As Value atom,/utf8.c,215,3,217,18
Empty scope,,warning,This is an Assignment As Value atom,/varint.c,25,2,26,40
Empty scope,,warning,This is an Assignment As Value atom,/vcs-svn/svndump.c,333,2,474,2
Empty scope,,warning,This is an Assignment As Value atom,/vcs-svn/svndump.c,171,2,205,2
Empty scope,,warning,This is an Assignment As Value atom,/versioncmp.c,152,2,160,2
Empty scope,,warning,This is an Assignment As Value atom,/wildmatch.c,60,2,269,2
Empty scope,,warning,This is an Assignment As Value atom,/wildmatch.c,148,6,155,6
Empty scope,,warning,This is an Assignment As Value atom,/wildmatch.c,208,6,208,57
Empty scope,,warning,This is an Assignment As Value atom,/worktree.c,378,2,384,2
Empty scope,,warning,This is an Assignment As Value atom,/worktree.c,146,3,155,3
Empty scope,,warning,This is an Assignment As Value atom,/wt-status.c,1018,2,1021,25
Empty scope,,warning,This is an Assignment As Value atom,/xdiff/xdiffi.c,974,2,977,2
Empty scope,,warning,This is an Assignment As Value atom,/xdiff/xutils.c,93,2,96,2
Empty scope,,warning,This is an Assignment As Value atom,/dir.c,1278,2,1278,71
Empty scope,,warning,This is an Assignment As Value atom,/dir.c,1267,2,1267,63
Empty scope,,warning,This is an Assignment As Value atom,/xdiff/xmerge.c,163,3,164,40
Empty scope,,warning,This is an Assignment As Value atom,/xdiff/xmerge.c,177,2,178,43
