"Empty scope",,"warning","This is a Postfix atom","/abspath.c","143","8","143","35"
"Empty scope",,"warning","This is a Postfix atom","/alias.c","44","2","44","17"
"Empty scope",,"warning","This is a Postfix atom","/alias.c","48","4","48","17"
"Empty scope",,"warning","This is a Postfix atom","/alias.c","53","4","53","19"
"Empty scope",,"warning","This is a Postfix atom","/alias.c","69","4","69","17"
"Empty scope",,"warning","This is a Postfix atom","/strbuf.h","218","2","218","19"
"Empty scope",,"warning","This is a Postfix atom","/delta.h","96","9","96","15"
"Empty scope",,"warning","This is a Postfix atom","/apply.c","4578","7","4578","30"
"Empty scope",,"warning","This is a Postfix atom","/apply.c","2913","4","2913","9"
"Empty scope",,"warning","This is a Postfix atom","/apply.c","1711","7","1711","62"
"Empty scope",,"warning","This is a Postfix atom","/apply.c","1546","29","1546","84"
"Empty scope",,"warning","This is a Postfix atom","/apply.c","1361","33","1361","88"
"Empty scope",,"warning","This is a Postfix atom","/apply.c","584","6","584","9"
"Empty scope",,"warning","This is a Postfix atom","/apply.c","585","15","585","18"
"Empty scope",,"warning","This is a Postfix atom","/apply.c","585","33","585","36"
"Empty scope",,"warning","This is a Postfix atom","/apply.c","585","42","585","45"
"Empty scope",,"warning","This is a Postfix atom","/apply.c","586","15","586","18"
"Empty scope",,"warning","This is a Postfix atom","/apply.c","586","33","586","36"
"Empty scope",,"warning","This is a Postfix atom","/apply.c","586","42","586","45"
"Empty scope",,"warning","This is a Postfix atom","/apply.c","587","15","587","18"
"Empty scope",,"warning","This is a Postfix atom","/apply.c","587","33","587","36"
"Empty scope",,"warning","This is a Postfix atom","/apply.c","563","15","563","18"
"Empty scope",,"warning","This is a Postfix atom","/apply.c","563","33","563","36"
"Empty scope",,"warning","This is a Postfix atom","/apply.c","563","42","563","45"
"Empty scope",,"warning","This is a Postfix atom","/apply.c","564","15","564","18"
"Empty scope",,"warning","This is a Postfix atom","/apply.c","564","33","564","36"
"Empty scope",,"warning","This is a Postfix atom","/apply.c","564","42","564","45"
"Empty scope",,"warning","This is a Postfix atom","/apply.c","565","15","565","18"
"Empty scope",,"warning","This is a Postfix atom","/apply.c","565","33","565","36"
"Empty scope",,"warning","This is a Postfix atom","/apply.c","548","15","548","18"
"Empty scope",,"warning","This is a Postfix atom","/apply.c","548","33","548","36"
"Empty scope",,"warning","This is a Postfix atom","/apply.c","548","42","548","45"
"Empty scope",,"warning","This is a Postfix atom","/apply.c","549","15","549","18"
"Empty scope",,"warning","This is a Postfix atom","/apply.c","549","33","549","36"
"Empty scope",,"warning","This is a Postfix atom","/apply.c","479","8","479","16"
"Empty scope",,"warning","This is a Postfix atom","/apply.c","479","20","479","28"
"Empty scope",,"warning","This is a Postfix atom","/apply.c","446","7","446","15"
"Empty scope",,"warning","This is a Postfix atom","/apply.c","329","12","329","16"
"Empty scope",,"warning","This is a Postfix atom","/apply.c","329","20","329","24"
"Empty scope",,"warning","This is a Postfix atom","/archive-tar.c","387","3","387","31"
"Empty scope",,"warning","This is a Postfix atom","/archive-tar.c","178","13","178","16"
"Empty scope",,"warning","This is a Postfix atom","/archive-tar.c","182","13","182","16"
"Empty scope",,"warning","This is a Postfix atom","/archive-zip.c","258","11","258","14"
"Empty scope",,"warning","This is a Postfix atom","/archive-zip.c","176","9","176","18"
"Empty scope",,"warning","This is a Postfix atom","/archive.c","28","2","28","26"
"Empty scope",,"warning","This is a Postfix atom","/argv-array.c","20","2","20","27"
"Empty scope",,"warning","This is a Postfix atom","/attr.c","696","17","696","25"
"Empty scope",,"warning","This is a Postfix atom","/attr.c","686","2","686","31"
"Empty scope",,"warning","This is a Postfix atom","/attr.c","636","10","636","34"
"Empty scope",,"warning","This is a Postfix atom","/attr.c","527","2","527","39"
"Empty scope",,"warning","This is a Postfix atom","/attr.c","204","13","204","19"
"Empty scope",,"warning","This is a Postfix atom","/base85.c","86","18","86","24"
"Empty scope",,"warning","This is a Postfix atom","/base85.c","50","9","50","17"
"Empty scope",,"warning","This is a Postfix atom","/base85.c","56","8","56","16"
"Empty scope",,"warning","This is a Postfix atom","/base85.c","71","4","71","9"
"Empty scope",,"warning","This is a Postfix atom","/bisect.c","718","2","718","9"
"Empty scope",,"warning","This is a Postfix atom","/bisect.c","720","3","720","10"
"Empty scope",,"warning","This is a Postfix atom","/bisect.c","576","19","576","38"
"Empty scope",,"warning","This is a Postfix atom","/bisect.c","264","20","264","31"
"Empty scope",,"warning","This is a Postfix atom","/blame.c","1637","3","1637","11"
"Empty scope",,"warning","This is a Postfix atom","/blame.c","1427","8","1427","25"
"Empty scope",,"warning","This is a Postfix atom","/blame.c","1459","7","1459","24"
"Empty scope",,"warning","This is a Postfix atom","/blame.c","1480","9","1480","26"
"Empty scope",,"warning","This is a Postfix atom","/blame.c","1507","8","1507","25"
"Empty scope",,"warning","This is a Postfix atom","/blame.c","1211","4","1211","18"
"Empty scope",,"warning","This is a Postfix atom","/git-compat-util.h","483","11","483","16"
"Empty scope",,"warning","This is a Postfix atom","/git-compat-util.h","483","21","483","29"
"Empty scope",,"warning","This is a Postfix atom","/builtin/add.c","137","29","137","34"
"Empty scope",,"warning","This is a Postfix atom","/builtin/add.c","139","4","139","9"
"Empty scope",,"warning","This is a Postfix atom","/builtin/am.c","755","22","755","33"
"Empty scope",,"warning","This is a Postfix atom","/builtin/am.c","275","3","275","7"
"Empty scope",,"warning","This is a Postfix atom","/builtin/blame.c","461","9","461","34"
"Empty scope",,"warning","This is a Postfix atom","/builtin/blame.c","437","9","437","13"
"Empty scope",,"warning","This is a Postfix atom","/builtin/blame.c","360","9","360","13"
"Empty scope",,"warning","This is a Postfix atom","/builtin/branch.c","220","24","220","48"
"Empty scope",,"warning","This is a Postfix atom","/builtin/cat-file.c","507","6","507","9"
"Empty scope",,"warning","This is a Postfix atom","/builtin/check-ref-format.c","28","15","28","24"
"Empty scope",,"warning","This is a Postfix atom","/builtin/check-ref-format.c","32","3","32","7"
"Empty scope",,"warning","This is a Postfix atom","/builtin/clean.c","878","28","878","46"
"Empty scope",,"warning","This is a Postfix atom","/builtin/clean.c","881","4","881","22"
"Empty scope",,"warning","This is a Postfix atom","/builtin/clean.c","886","10","886","28"
"Empty scope",,"warning","This is a Postfix atom","/builtin/clean.c","632","5","632","15"
"Empty scope",,"warning","This is a Postfix atom","/builtin/clean.c","462","12","462","15"
"Empty scope",,"warning","This is a Postfix atom","/builtin/clean.c","388","35","388","50"
"Empty scope",,"warning","This is a Postfix atom","/builtin/clean.c","410","35","410","57"
"Empty scope",,"warning","This is a Postfix atom","/builtin/clean.c","333","30","333","45"
"Empty scope",,"warning","This is a Postfix atom","/builtin/clone.c","297","4","297","9"
"Empty scope",,"warning","This is a Postfix atom","/builtin/commit.c","1005","17","1005","28"
"Empty scope",,"warning","This is a Postfix atom","/builtin/commit.c","863","5","863","29"
"Empty scope",,"warning","This is a Postfix atom","/builtin/commit.c","871","5","871","29"
"Empty scope",,"warning","This is a Postfix atom","/builtin/commit.c","878","5","878","29"
"Empty scope",,"warning","This is a Postfix atom","/builtin/config.c","189","24","189","50"
"Empty scope",,"warning","This is a Postfix atom","/builtin/describe.c","567","10","567","19"
"Empty scope",,"warning","This is a Postfix atom","/builtin/describe.c","568","13","568","19"
"Empty scope",,"warning","This is a Postfix atom","/builtin/describe.c","345","31","345","54"
"Empty scope",,"warning","This is a Postfix atom","/builtin/diff-tree.c","46","15","46","18"
"Empty scope",,"warning","This is a Postfix atom","/builtin/diff-tree.c","26","17","26","20"
"Empty scope",,"warning","This is a Postfix atom","/builtin/fast-export.c","644","2","644","12"
"Empty scope",,"warning","This is a Postfix atom","/builtin/fast-export.c","513","9","513","31"
"Empty scope",,"warning","This is a Postfix atom","/builtin/fast-export.c","486","9","486","15"
"Empty scope",,"warning","This is a Postfix atom","/builtin/fast-export.c","440","2","440","12"
"Empty scope",,"warning","This is a Postfix atom","/builtin/fast-export.c","332","2","332","46"
"Empty scope",,"warning","This is a Postfix atom","/builtin/fast-export.c","310","2","310","12"
"Empty scope",,"warning","This is a Postfix atom","/builtin/fast-export.c","212","2","212","12"
"Empty scope",,"warning","This is a Postfix atom","/builtin/fast-export.c","155","22","155","28"
"Empty scope",,"warning","This is a Postfix atom","/builtin/fetch-pack.c","152","10","152","18"
"Empty scope",,"warning","This is a Postfix atom","/builtin/fetch.c","1302","5","1302","13"
"Empty scope",,"warning","This is a Postfix atom","/builtin/fetch.c","1305","5","1305","13"
"Empty scope",,"warning","This is a Postfix atom","/builtin/fetch.c","105","3","105","27"
"Empty scope",,"warning","This is a Postfix atom","/builtin/fmt-merge-msg.c","504","7","504","19"
"Empty scope",,"warning","This is a Postfix atom","/builtin/grep.c","152","10","152","13"
"Empty scope",,"warning","This is a Postfix atom","/builtin/index-pack.c","1542","3","1542","35"
"Empty scope",,"warning","This is a Postfix atom","/builtin/index-pack.c","1317","30","1317","50"
"Empty scope",,"warning","This is a Postfix atom","/builtin/index-pack.c","1324","3","1324","13"
"Empty scope",,"warning","This is a Postfix atom","/builtin/index-pack.c","1328","2","1328","12"
"Empty scope",,"warning","This is a Postfix atom","/builtin/index-pack.c","1107","3","1107","21"
"Empty scope",,"warning","This is a Postfix atom","/builtin/index-pack.c","908","4","908","20"
"Empty scope",,"warning","This is a Postfix atom","/builtin/log.c","521","31","521","47"
"Empty scope",,"warning","This is a Postfix atom","/builtin/ls-remote.c","26","14","26","25"
"Empty scope",,"warning","This is a Postfix atom","/builtin/mailsplit.c","333","21","333","27"
"Empty scope",,"warning","This is a Postfix atom","/builtin/merge-base.c","260","9","260","18"
"Empty scope",,"warning","This is a Postfix atom","/builtin/merge-base.c","261","3","261","15"
"Empty scope",,"warning","This is a Postfix atom","/builtin/merge-base.c","261","40","261","46"
"Empty scope",,"warning","This is a Postfix atom","/builtin/merge-base.c","131","2","131","25"
"Empty scope",,"warning","This is a Postfix atom","/builtin/merge-file.c","20","2","20","21"
"Empty scope",,"warning","This is a Postfix atom","/builtin/merge-index.c","91","8","91","16"
"Empty scope",,"warning","This is a Postfix atom","/builtin/merge-recursive.c","52","4","52","23"
"Empty scope",,"warning","This is a Postfix atom","/builtin/merge.c","619","7","619","23"
"Empty scope",,"warning","This is a Postfix atom","/builtin/merge.c","622","7","622","23"
"Empty scope",,"warning","This is a Postfix atom","/builtin/merge.c","625","7","625","23"
"Empty scope",,"warning","This is a Postfix atom","/builtin/merge.c","305","2","305","10"
"Empty scope",,"warning","This is a Postfix atom","/builtin/merge.c","307","3","307","11"
"Empty scope",,"warning","This is a Postfix atom","/builtin/merge.c","308","2","308","10"
"Empty scope",,"warning","This is a Postfix atom","/builtin/merge.c","309","2","309","10"
"Empty scope",,"warning","This is a Postfix atom","/builtin/merge.c","310","2","310","10"
"Empty scope",,"warning","This is a Postfix atom","/builtin/merge.c","287","2","287","10"
"Empty scope",,"warning","This is a Postfix atom","/builtin/merge.c","289","3","289","11"
"Empty scope",,"warning","This is a Postfix atom","/builtin/merge.c","290","2","290","10"
"Empty scope",,"warning","This is a Postfix atom","/builtin/merge.c","291","2","291","10"
"Empty scope",,"warning","This is a Postfix atom","/builtin/merge.c","292","2","292","10"
"Empty scope",,"warning","This is a Postfix atom","/builtin/merge.c","293","2","293","10"
"Empty scope",,"warning","This is a Postfix atom","/builtin/merge.c","187","2","187","18"
"Empty scope",,"warning","This is a Postfix atom","/builtin/merge.c","167","2","167","36"
"Empty scope",,"warning","This is a Postfix atom","/builtin/mktag.c","89","21","89","31"
"Empty scope",,"warning","This is a Postfix atom","/builtin/mktree.c","98","2","98","7"
"Empty scope",,"warning","This is a Postfix atom","/builtin/mktree.c","32","2","32","16"
"Empty scope",,"warning","This is a Postfix atom","/builtin/mv.c","68","3","68","19"
"Empty scope",,"warning","This is a Postfix atom","/builtin/name-rev.c","425","15","425","28"
"Empty scope",,"warning","This is a Postfix atom","/builtin/name-rev.c","104","4","104","43"
"Empty scope",,"warning","This is a Postfix atom","/builtin/pack-objects.c","2434","3","2434","17"
"Empty scope",,"warning","This is a Postfix atom","/builtin/pack-objects.c","1997","11","1997","17"
"Empty scope",,"warning","This is a Postfix atom","/builtin/pack-objects.c","1880","9","1880","17"
"Empty scope",,"warning","This is a Postfix atom","/builtin/pack-objects.c","1904","8","1904","16"
"Empty scope",,"warning","This is a Postfix atom","/builtin/pack-objects.c","1593","7","1593","37"
"Empty scope",,"warning","This is a Postfix atom","/builtin/pack-objects.c","1688","16","1688","44"
"Empty scope",,"warning","This is a Postfix atom","/builtin/pack-objects.c","1433","8","1433","20"
"Empty scope",,"warning","This is a Postfix atom","/builtin/pack-objects.c","1442","9","1442","21"
"Empty scope",,"warning","This is a Postfix atom","/builtin/pack-objects.c","1337","6","1337","35"
"Empty scope",,"warning","This is a Postfix atom","/builtin/pack-objects.c","579","2","579","14"
"Empty scope",,"warning","This is a Postfix atom","/builtin/pack-objects.c","548","2","548","27"
"Empty scope",,"warning","This is a Postfix atom","/builtin/pack-objects.c","102","2","102","38"
"Empty scope",,"warning","This is a Postfix atom","/builtin/pack-redundant.c","638","20","638","29"
"Empty scope",,"warning","This is a Postfix atom","/builtin/patch-id.c","21","14","21","19"
"Empty scope",,"warning","This is a Postfix atom","/builtin/patch-id.c","23","4","23","9"
"Empty scope",,"warning","This is a Postfix atom","/builtin/prune.c","127","22","127","28"
"Empty scope",,"warning","This is a Postfix atom","/builtin/pull.c","458","11","458","17"
"Empty scope",,"warning","This is a Postfix atom","/builtin/pull.c","241","9","241","19"
"Empty scope",,"warning","This is a Postfix atom","/builtin/read-tree.c","35","2","35","18"
"Empty scope",,"warning","This is a Postfix atom","/builtin/receive-pack.c","1539","6","1539","9"
"Empty scope",,"warning","This is a Postfix atom","/builtin/receive-pack.c","1541","6","1541","9"
"Empty scope",,"warning","This is a Postfix atom","/builtin/receive-pack.c","331","2","331","10"
"Empty scope",,"warning","This is a Postfix atom","/builtin/reflog.c","390","2","390","16"
"Empty scope",,"warning","This is a Postfix atom","/builtin/remote.c","1343","15","1343","28"
"Empty scope",,"warning","This is a Postfix atom","/builtin/remote.c","1138","15","1138","28"
"Empty scope",,"warning","This is a Postfix atom","/builtin/reset.c","240","10","240","16"
"Empty scope",,"warning","This is a Postfix atom","/builtin/rev-parse.c","562","7","562","12"
"Empty scope",,"warning","This is a Postfix atom","/builtin/rev-parse.c","439","3","439","14"
"Empty scope",,"warning","This is a Postfix atom","/builtin/rev-parse.c","454","8","454","18"
"Empty scope",,"warning","This is a Postfix atom","/builtin/rev-parse.c","486","12","486","15"
"Empty scope",,"warning","This is a Postfix atom","/builtin/rev-parse.c","347","7","347","46"
"Empty scope",,"warning","This is a Postfix atom","/builtin/rev-parse.c","104","16","104","21"
"Empty scope",,"warning","This is a Postfix atom","/builtin/rev-parse.c","86","21","86","24"
"Empty scope",,"warning","This is a Postfix atom","/builtin/revert.c","54","2","54","30"
"Empty scope",,"warning","This is a Postfix atom","/builtin/rm.c","287","7","287","27"
"Empty scope",,"warning","This is a Postfix atom","/builtin/show-branch.c","437","7","437","13"
"Empty scope",,"warning","This is a Postfix atom","/builtin/show-branch.c","381","2","381","25"
"Empty scope",,"warning","This is a Postfix atom","/builtin/show-ref.c","64","15","64","18"
"Empty scope",,"warning","This is a Postfix atom","/builtin/submodule--helper.c","958","3","958","45"
"Empty scope",,"warning","This is a Postfix atom","/builtin/submodule--helper.c","286","3","286","45"
"Empty scope",,"warning","This is a Postfix atom","/builtin/submodule--helper.c","254","3","254","27"
"Empty scope",,"warning","This is a Postfix atom","/builtin/update-index.c","343","34","343","52"
"Empty scope",,"warning","This is a Postfix atom","/builtin/update-ref.c","38","22","38","28"
"Empty scope",,"warning","This is a Postfix atom","/builtin/verify-commit.c","92","21","92","29"
"Empty scope",,"warning","This is a Postfix atom","/builtin/verify-tag.c","62","22","62","30"
"Empty scope",,"warning","This is a Postfix atom","/bulk-checkin.c","253","3","253","37"
"Empty scope",,"warning","This is a Postfix atom","/bundle.c","232","6","232","12"
"Empty scope",,"warning","This is a Postfix atom","/bundle.c","236","6","236","12"
"Empty scope",,"warning","This is a Postfix atom","/cache-tree.c","213","4","213","14"
"Empty scope",,"warning","This is a Postfix atom","/color.c","272","3","272","13"
"Empty scope",,"warning","This is a Postfix atom","/color.c","273","3","273","10"
"Empty scope",,"warning","This is a Postfix atom","/color.c","281","5","281","12"
"Empty scope",,"warning","This is a Postfix atom","/color.c","286","5","286","12"
"Empty scope",,"warning","This is a Postfix atom","/color.c","292","5","292","12"
"Empty scope",,"warning","This is a Postfix atom","/color.c","296","3","296","10"
"Empty scope",,"warning","This is a Postfix atom","/color.c","298","2","298","7"
"Empty scope",,"warning","This is a Postfix atom","/color.c","183","3","183","8"
"Empty scope",,"warning","This is a Postfix atom","/color.c","184","3","184","8"
"Empty scope",,"warning","This is a Postfix atom","/combine-diff.c","1483","29","1483","44"
"Empty scope",,"warning","This is a Postfix atom","/combine-diff.c","1298","3","1298","14"
"Empty scope",,"warning","This is a Postfix atom","/combine-diff.c","808","24","808","35"
"Empty scope",,"warning","This is a Postfix atom","/combine-diff.c","540","4","540","13"
"Empty scope",,"warning","This is a Postfix atom","/combine-diff.c","560","5","560","14"
"Empty scope",,"warning","This is a Postfix atom","/combine-diff.c","572","4","572","13"
"Empty scope",,"warning","This is a Postfix atom","/commit.c","1414","21","1414","26"
"Empty scope",,"warning","This is a Postfix atom","/commit.c","1464","9","1464","14"
"Empty scope",,"warning","This is a Postfix atom","/commit.c","1125","3","1125","15"
"Empty scope",,"warning","This is a Postfix atom","/commit.c","1082","4","1082","13"
"Empty scope",,"warning","This is a Postfix atom","/commit.c","978","3","978","11"
"Empty scope",,"warning","This is a Postfix atom","/commit.c","923","4","923","17"
"Empty scope",,"warning","This is a Postfix atom","/commit.c","941","4","941","18"
"Empty scope",,"warning","This is a Postfix atom","/commit.c","944","4","944","13"
"Empty scope",,"warning","This is a Postfix atom","/commit.c","158","17","158","23"
"Empty scope",,"warning","This is a Postfix atom","/commit.c","78","23","78","28"
"Empty scope",,"warning","This is a Postfix atom","/commit.c","84","23","84","28"
"Empty scope",,"warning","This is a Postfix atom","/commit.c","89","23","89","28"
"Empty scope",,"warning","This is a Postfix atom","/compat/regex/regex_internal.c","1600","3","1600","26"
"Empty scope",,"warning","This is a Postfix atom","/compat/regex/regex_internal.c","1362","3","1362","26"
"Empty scope",,"warning","This is a Postfix atom","/compat/regex/regex_internal.c","1236","2","1236","11"
"Empty scope",,"warning","This is a Postfix atom","/compat/regex/regex_internal.c","1238","25","1238","40"
"Empty scope",,"warning","This is a Postfix atom","/compat/regex/regex_internal.c","1264","16","1264","27"
"Empty scope",,"warning","This is a Postfix atom","/compat/regex/regex_internal.c","1264","32","1264","48"
"Empty scope",,"warning","This is a Postfix atom","/compat/regex/regex_internal.c","1180","4","1180","20"
"Empty scope",,"warning","This is a Postfix atom","/compat/regex/regex_internal.c","1180","24","1180","40"
"Empty scope",,"warning","This is a Postfix atom","/compat/regex/regex_internal.c","1185","7","1185","23"
"Empty scope",,"warning","This is a Postfix atom","/compat/regex/regex_internal.c","1185","27","1185","43"
"Empty scope",,"warning","This is a Postfix atom","/compat/regex/regex_internal.c","1131","18","1131","29"
"Empty scope",,"warning","This is a Postfix atom","/compat/regex/regex_internal.c","1131","34","1131","50"
"Empty scope",,"warning","This is a Postfix atom","/compat/regex/regex_internal.c","878","12","878","38"
"Empty scope",,"warning","This is a Postfix atom","/compat/regex/regex_internal.c","907","24","907","58"
"Empty scope",,"warning","This is a Postfix atom","/compat/regex/regcomp.c","3784","11","3784","66"
"Empty scope",,"warning","This is a Postfix atom","/compat/regex/regcomp.c","3392","7","3392","35"
"Empty scope",,"warning","This is a Postfix atom","/compat/regex/regcomp.c","2446","3","2446","28"
"Empty scope",,"warning","This is a Postfix atom","/compat/regex/regexec.c","4325","3","4325","35"
"Empty scope",,"warning","This is a Postfix atom","/compat/regex/regexec.c","4270","3","4270","39"
"Empty scope",,"warning","This is a Postfix atom","/compat/regex/regexec.c","3304","17","3304","20"
"Empty scope",,"warning","This is a Postfix atom","/compat/regex/regexec.c","2699","23","2699","26"
"Empty scope",,"warning","This is a Postfix atom","/compat/regex/regexec.c","2786","12","2786","32"
"Empty scope",,"warning","This is a Postfix atom","/compat/regex/regexec.c","2284","8","2284","42"
"Empty scope",,"warning","This is a Postfix atom","/compat/regex/regexec.c","2214","38","2214","41"
"Empty scope",,"warning","This is a Postfix atom","/compat/regex/regexec.c","2214","14","2214","41"
"Empty scope",,"warning","This is a Postfix atom","/compat/regex/regexec.c","1988","22","1988","25"
"Empty scope",,"warning","This is a Postfix atom","/config.c","2701","8","2701","16"
"Empty scope",,"warning","This is a Postfix atom","/config.c","2716","17","2716","25"
"Empty scope",,"warning","This is a Postfix atom","/config.c","1695","12","1695","40"
"Empty scope",,"warning","This is a Postfix atom","/config.c","95","10","95","43"
"Empty scope",,"warning","This is a Postfix atom","/config.c","78","9","78","35"
"Empty scope",,"warning","This is a Postfix atom","/connect.c","398","21","398","43"
"Empty scope",,"warning","This is a Postfix atom","/connect.c","70","2","70","12"
"Empty scope",,"warning","This is a Postfix atom","/convert.c","1567","8","1567","17"
"Empty scope",,"warning","This is a Postfix atom","/convert.c","1305","3","1305","13"
"Empty scope",,"warning","This is a Postfix atom","/convert.c","1329","5","1329","15"
"Empty scope",,"warning","This is a Postfix atom","/convert.c","1336","5","1336","15"
"Empty scope",,"warning","This is a Postfix atom","/convert.c","1357","4","1357","14"
"Empty scope",,"warning","This is a Postfix atom","/convert.c","812","8","812","12"
"Empty scope",,"warning","This is a Postfix atom","/convert.c","832","9","832","13"
"Empty scope",,"warning","This is a Postfix atom","/convert.c","333","22","333","27"
"Empty scope",,"warning","This is a Postfix atom","/convert.c","335","5","335","10"
"Empty scope",,"warning","This is a Postfix atom","/convert.c","339","22","339","27"
"Empty scope",,"warning","This is a Postfix atom","/convert.c","341","5","341","10"
"Empty scope",,"warning","This is a Postfix atom","/credential-cache--daemon.c","21","7","21","27"
"Empty scope",,"warning","This is a Postfix atom","/credential.c","369","4","369","7"
"Empty scope",,"warning","This is a Postfix atom","/credential.c","160","3","160","10"
"Empty scope",,"warning","This is a Postfix atom","/daemon.c","997","3","997","32"
"Empty scope",,"warning","This is a Postfix atom","/daemon.c","728","7","728","12"
"Empty scope",,"warning","This is a Postfix atom","/daemon.c","314","2","314","7"
"Empty scope",,"warning","This is a Postfix atom","/daemon.c","315","2","315","7"
"Empty scope",,"warning","This is a Postfix atom","/daemon.c","316","2","316","7"
"Empty scope",,"warning","This is a Postfix atom","/daemon.c","317","2","317","7"
"Empty scope",,"warning","This is a Postfix atom","/daemon.c","318","2","318","7"
"Empty scope",,"warning","This is a Postfix atom","/daemon.c","319","2","319","7"
"Empty scope",,"warning","This is a Postfix atom","/daemon.c","320","2","320","7"
"Empty scope",,"warning","This is a Postfix atom","/date.c","335","21","335","33"
"Empty scope",,"warning","This is a Postfix atom","/date.c","335","21","335","38"
"Empty scope",,"warning","This is a Postfix atom","/diff-delta.c","343","3","343","15"
"Empty scope",,"warning","This is a Postfix atom","/diff-delta.c","346","2","346","14"
"Empty scope",,"warning","This is a Postfix atom","/diff-delta.c","351","3","351","15"
"Empty scope",,"warning","This is a Postfix atom","/diff-delta.c","354","2","354","14"
"Empty scope",,"warning","This is a Postfix atom","/diff-delta.c","364","3","364","15"
"Empty scope",,"warning","This is a Postfix atom","/diff-delta.c","363","46","363","56"
"Empty scope",,"warning","This is a Postfix atom","/diff-delta.c","387","26","387","31"
"Empty scope",,"warning","This is a Postfix atom","/diff-delta.c","387","12","387","39"
"Empty scope",,"warning","This is a Postfix atom","/diff-delta.c","402","4","402","16"
"Empty scope",,"warning","This is a Postfix atom","/diff-delta.c","402","20","402","26"
"Empty scope",,"warning","This is a Postfix atom","/diff-delta.c","434","9","434","22"
"Empty scope",,"warning","This is a Postfix atom","/diff-delta.c","438","5","438","17"
"Empty scope",,"warning","This is a Postfix atom","/diff-delta.c","440","5","440","17"
"Empty scope",,"warning","This is a Postfix atom","/diff-delta.c","442","5","442","17"
"Empty scope",,"warning","This is a Postfix atom","/diff-delta.c","444","5","444","17"
"Empty scope",,"warning","This is a Postfix atom","/diff-delta.c","447","5","447","17"
"Empty scope",,"warning","This is a Postfix atom","/diff-delta.c","449","5","449","17"
"Empty scope",,"warning","This is a Postfix atom","/diff-delta.c","199","4","199","20"
"Empty scope",,"warning","This is a Postfix atom","/diff-delta.c","286","4","286","18"
"Empty scope",,"warning","This is a Postfix atom","/diff-no-index.c","165","29","165","42"
"Empty scope",,"warning","This is a Postfix atom","/diff-no-index.c","172","29","172","42"
"Empty scope",,"warning","This is a Postfix atom","/diff.c","6028","2","6028","7"
"Empty scope",,"warning","This is a Postfix atom","/diff.c","6029","2","6029","7"
"Empty scope",,"warning","This is a Postfix atom","/diff.c","5344","4","5344","9"
"Empty scope",,"warning","This is a Postfix atom","/diff.c","4948","2","4948","26"
"Empty scope",,"warning","This is a Postfix atom","/diff.c","4906","6","4906","11"
"Empty scope",,"warning","This is a Postfix atom","/diff.c","4908","8","4908","13"
"Empty scope",,"warning","This is a Postfix atom","/diff.c","4912","21","4912","26"
"Empty scope",,"warning","This is a Postfix atom","/diff.c","4915","21","4915","26"
"Empty scope",,"warning","This is a Postfix atom","/diff.c","4918","21","4918","26"
"Empty scope",,"warning","This is a Postfix atom","/diff.c","3039","3","3039","13"
"Empty scope",,"warning","This is a Postfix atom","/diff.c","2218","2","2218","32"
"Empty scope",,"warning","This is a Postfix atom","/diff.c","960","5","960","17"
"Empty scope",,"warning","This is a Postfix atom","/diff.c","698","7","698","55"
"Empty scope",,"warning","This is a Postfix atom","/diff.c","485","9","485","18"
"Empty scope",,"warning","This is a Postfix atom","/diff.c","486","8","486","14"
"Empty scope",,"warning","This is a Postfix atom","/diffcore-delta.c","143","20","143","25"
"Empty scope",,"warning","This is a Postfix atom","/diffcore-delta.c","92","9","92","27"
"Empty scope",,"warning","This is a Postfix atom","/diffcore-delta.c","68","27","68","45"
"Empty scope",,"warning","This is a Postfix atom","/dir-iterator.c","90","14","90","44"
"Empty scope",,"warning","This is a Postfix atom","/dir.c","2659","2","2659","21"
"Empty scope",,"warning","This is a Postfix atom","/dir.c","2165","5","2165","21"
"Empty scope",,"warning","This is a Postfix atom","/dir.c","1772","16","1772","45"
"Empty scope",,"warning","This is a Postfix atom","/dir.c","1682","2","1682","36"
"Empty scope",,"warning","This is a Postfix atom","/dir.c","1518","8","1518","27"
"Empty scope",,"warning","This is a Postfix atom","/dir.c","1326","34","1326","53"
"Empty scope",,"warning","This is a Postfix atom","/dir.c","1278","9","1278","39"
"Empty scope",,"warning","This is a Postfix atom","/dir.c","1267","9","1267","31"
"Empty scope",,"warning","This is a Postfix atom","/dir.c","852","8","852","29"
"Empty scope",,"warning","This is a Postfix atom","/dir.c","776","4","776","14"
"Empty scope",,"warning","This is a Postfix atom","/dir.c","795","3","795","13"
"Empty scope",,"warning","This is a Postfix atom","/dir.c","599","2","599","23"
"Empty scope",,"warning","This is a Postfix atom","/dir.c","527","21","527","28"
"Empty scope",,"warning","This is a Postfix atom","/dir.c","214","7","214","11"
"Empty scope",,"warning","This is a Postfix atom","/dir.c","60","7","60","10"
"Empty scope",,"warning","This is a Postfix atom","/ewah/bitmap.c","151","5","151","25"
"Empty scope",,"warning","This is a Postfix atom","/ewah/bitmap.c","138","3","138","18"
"Empty scope",,"warning","This is a Postfix atom","/ewah/bitmap.c","102","3","102","20"
"Empty scope",,"warning","This is a Postfix atom","/ewah/ewah_bitmap.c","707","38","707","41"
"Empty scope",,"warning","This is a Postfix atom","/ewah/ewah_bitmap.c","697","2","697","32"
"Empty scope",,"warning","This is a Postfix atom","/ewah/ewah_bitmap.c","147","5","147","37"
"Empty scope",,"warning","This is a Postfix atom","/ewah/ewah_bitmap.c","51","2","51","34"
"Empty scope",,"warning","This is a Postfix atom","/exec_cmd.c","155","9","155","20"
"Empty scope",,"warning","This is a Postfix atom","/fast-import.c","3108","7","3108","13"
"Empty scope",,"warning","This is a Postfix atom","/fast-import.c","2566","7","2566","10"
"Empty scope",,"warning","This is a Postfix atom","/fast-import.c","2400","7","2400","10"
"Empty scope",,"warning","This is a Postfix atom","/fast-import.c","2358","6","2358","11"
"Empty scope",,"warning","This is a Postfix atom","/fast-import.c","2258","4","2258","31"
"Empty scope",,"warning","This is a Postfix atom","/fast-import.c","2210","3","2210","11"
"Empty scope",,"warning","This is a Postfix atom","/fast-import.c","2210","15","2210","27"
"Empty scope",,"warning","This is a Postfix atom","/fast-import.c","2211","3","2211","11"
"Empty scope",,"warning","This is a Postfix atom","/fast-import.c","2211","15","2211","27"
"Empty scope",,"warning","This is a Postfix atom","/fast-import.c","2212","3","2212","11"
"Empty scope",,"warning","This is a Postfix atom","/fast-import.c","1622","2","1622","29"
"Empty scope",,"warning","This is a Postfix atom","/fast-import.c","1523","4","1523","18"
"Empty scope",,"warning","This is a Postfix atom","/fast-import.c","1424","3","1424","30"
"Empty scope",,"warning","This is a Postfix atom","/fast-import.c","1381","14","1381","19"
"Empty scope",,"warning","This is a Postfix atom","/fast-import.c","934","26","934","42"
"Empty scope",,"warning","This is a Postfix atom","/fast-import.c","936","5","936","8"
"Empty scope",,"warning","This is a Postfix atom","/fast-import.c","850","10","850","16"
"Empty scope",,"warning","This is a Postfix atom","/fast-import.c","632","9","632","17"
"Empty scope",,"warning","This is a Postfix atom","/fast-import.c","633","16","633","19"
"Empty scope",,"warning","This is a Postfix atom","/fast-import.c","569","2","569","24"
"Empty scope",,"warning","This is a Postfix atom","/fetch-pack.c","91","2","91","26"
"Empty scope",,"warning","This is a Postfix atom","/fsck.c","256","12","256","22"
"Empty scope",,"warning","This is a Postfix atom","/fsck.c","264","21","264","31"
"Empty scope",,"warning","This is a Postfix atom","/fsck.c","103","6","103","11"
"Empty scope",,"warning","This is a Postfix atom","/fsck.c","103","23","103","28"
"Empty scope",,"warning","This is a Postfix atom","/grep.c","782","9","782","16"
"Empty scope",,"warning","This is a Postfix atom","/hashmap.c","267","13","267","46"
"Empty scope",,"warning","This is a Postfix atom","/hashmap.c","62","20","62","27"
"Empty scope",,"warning","This is a Postfix atom","/hashmap.c","45","20","45","27"
"Empty scope",,"warning","This is a Postfix atom","/hashmap.c","34","20","34","27"
"Empty scope",,"warning","This is a Postfix atom","/hashmap.c","21","30","21","35"
"Empty scope",,"warning","This is a Postfix atom","/hashmap.c","13","30","13","35"
"Empty scope",,"warning","This is a Postfix atom","/help.c","347","26","347","45"
"Empty scope",,"warning","This is a Postfix atom","/help.c","271","3","271","26"
"Empty scope",,"warning","This is a Postfix atom","/help.c","68","4","68","20"
"Empty scope",,"warning","This is a Postfix atom","/help.c","68","24","68","40"
"Empty scope",,"warning","This is a Postfix atom","/help.c","71","9","71","25"
"Empty scope",,"warning","This is a Postfix atom","/help.c","77","3","77","19"
"Empty scope",,"warning","This is a Postfix atom","/help.c","77","23","77","39"
"Empty scope",,"warning","This is a Postfix atom","/help.c","53","4","53","19"
"Empty scope",,"warning","This is a Postfix atom","/help.c","22","2","22","25"
"Empty scope",,"warning","This is a Postfix atom","/hex.c","71","22","71","28"
"Empty scope",,"warning","This is a Postfix atom","/hex.c","72","3","72","8"
"Empty scope",,"warning","This is a Postfix atom","/hex.c","73","3","73","8"
"Empty scope",,"warning","This is a Postfix atom","/hex.c","45","3","45","9"
"Empty scope",,"warning","This is a Postfix atom","/http-backend.c","597","9","597","18"
"Empty scope",,"warning","This is a Postfix atom","/http-fetch.c","54","26","54","36"
"Empty scope",,"warning","This is a Postfix atom","/http-push.c","1708","24","1708","34"
"Empty scope",,"warning","This is a Postfix atom","/http.c","1575","11","1575","14"
"Empty scope",,"warning","This is a Postfix atom","/http.c","1586","3","1586","28"
"Empty scope",,"warning","This is a Postfix atom","/http.c","1591","8","1591","36"
"Empty scope",,"warning","This is a Postfix atom","/http.c","1479","21","1479","26"
"Empty scope",,"warning","This is a Postfix atom","/ident.c","247","7","247","12"
"Empty scope",,"warning","This is a Postfix atom","/ident.c","252","3","252","20"
"Empty scope",,"warning","This is a Postfix atom","/imap-send.c","1202","4","1202","11"
"Empty scope",,"warning","This is a Postfix atom","/imap-send.c","1203","11","1203","18"
"Empty scope",,"warning","This is a Postfix atom","/imap-send.c","694","2","694","5"
"Empty scope",,"warning","This is a Postfix atom","/imap-send.c","501","4","501","10"
"Empty scope",,"warning","This is a Postfix atom","/kwset.c","159","6","159","18"
"Empty scope",,"warning","This is a Postfix atom","/kwset.c","161","6","161","18"
"Empty scope",,"warning","This is a Postfix atom","/line-log.c","524","2","524","12"
"Empty scope",,"warning","This is a Postfix atom","/line-log.c","529","4","529","14"
"Empty scope",,"warning","This is a Postfix atom","/line-log.c","157","12","157","18"
"Empty scope",,"warning","This is a Postfix atom","/line-log.c","159","12","159","18"
"Empty scope",,"warning","This is a Postfix atom","/line-log.c","161","12","161","18"
"Empty scope",,"warning","This is a Postfix atom","/line-log.c","163","12","163","18"
"Empty scope",,"warning","This is a Postfix atom","/line-log.c","165","11","165","17"
"Empty scope",,"warning","This is a Postfix atom","/line-log.c","167","11","167","17"
"Empty scope",,"warning","This is a Postfix atom","/line-range.c","99","10","99","24"
"Empty scope",,"warning","This is a Postfix atom","/line-range.c","107","3","107","9"
"Empty scope",,"warning","This is a Postfix atom","/mailinfo.c","854","15","854","19"
"Empty scope",,"warning","This is a Postfix atom","/mailinfo.c","396","14","396","18"
"Empty scope",,"warning","This is a Postfix atom","/mailinfo.c","368","14","368","18"
"Empty scope",,"warning","This is a Postfix atom","/mailinfo.c","120","14","120","18"
"Empty scope",,"warning","This is a Postfix atom","/mailinfo.c","93","14","93","18"
"Empty scope",,"warning","This is a Postfix atom","/mailinfo.c","65","14","65","18"
"Empty scope",,"warning","This is a Postfix atom","/mailmap.c","206","4","206","9"
"Empty scope",,"warning","This is a Postfix atom","/mailmap.c","140","2","140","9"
"Empty scope",,"warning","This is a Postfix atom","/merge-recursive.c","1392","11","1392","31"
"Empty scope",,"warning","This is a Postfix atom","/merge-recursive.c","1394","11","1394","31"
"Empty scope",,"warning","This is a Postfix atom","/merge-recursive.c","1399","12","1399","32"
"Empty scope",,"warning","This is a Postfix atom","/merge-recursive.c","1401","12","1401","32"
"Empty scope",,"warning","This is a Postfix atom","/merge-recursive.c","683","3","683","13"
"Empty scope",,"warning","This is a Postfix atom","/merge.c","83","7","83","23"
"Empty scope",,"warning","This is a Postfix atom","/merge.c","86","7","86","23"
"Empty scope",,"warning","This is a Postfix atom","/mergesort.c","12","9","12","19"
"Empty scope",,"warning","This is a Postfix atom","/name-hash.c","647","22","647","29"
"Empty scope",,"warning","This is a Postfix atom","/name-hash.c","648","22","648","29"
"Empty scope",,"warning","This is a Postfix atom","/name-hash.c","85","16","85","27"
"Empty scope",,"warning","This is a Postfix atom","/notes-merge.c","31","4","31","15"
"Empty scope",,"warning","This is a Postfix atom","/notes.c","1050","3","1050","18"
"Empty scope",,"warning","This is a Postfix atom","/notes.c","611","6","611","21"
"Empty scope",,"warning","This is a Postfix atom","/notes.c","556","3","556","11"
"Empty scope",,"warning","This is a Postfix atom","/notes.c","556","15","556","27"
"Empty scope",,"warning","This is a Postfix atom","/notes.c","557","3","557","11"
"Empty scope",,"warning","This is a Postfix atom","/notes.c","557","15","557","27"
"Empty scope",,"warning","This is a Postfix atom","/notes.c","558","3","558","11"
"Empty scope",,"warning","This is a Postfix atom","/notes.c","450","21","450","43"
"Empty scope",,"warning","This is a Postfix atom","/notes.c","494","34","494","37"
"Empty scope",,"warning","This is a Postfix atom","/notes.c","495","34","495","37"
"Empty scope",,"warning","This is a Postfix atom","/notes.c","349","3","349","11"
"Empty scope",,"warning","This is a Postfix atom","/notes.c","344","14","344","28"
"Empty scope",,"warning","This is a Postfix atom","/object.c","404","22","404","34"
"Empty scope",,"warning","This is a Postfix atom","/pack-bitmap-write.c","129","2","129","32"
"Empty scope",,"warning","This is a Postfix atom","/pack-objects.h","73","14","73","20"
"Empty scope",,"warning","This is a Postfix atom","/pack-bitmap.c","853","18","853","36"
"Empty scope",,"warning","This is a Postfix atom","/pack-bitmap.c","207","9","207","24"
"Empty scope",,"warning","This is a Postfix atom","/pack-objects.c","100","14","100","49"
"Empty scope",,"warning","This is a Postfix atom","/pack-revindex.c","133","25","133","33"
"Empty scope",,"warning","This is a Postfix atom","/pack-revindex.c","138","23","138","31"
"Empty scope",,"warning","This is a Postfix atom","/pack-revindex.c","140","12","140","20"
"Empty scope",,"warning","This is a Postfix atom","/pack-write.c","326","3","326","8"
"Empty scope",,"warning","This is a Postfix atom","/pack-write.c","120","32","120","38"
"Empty scope",,"warning","This is a Postfix atom","/pack-write.c","138","33","138","39"
"Empty scope",,"warning","This is a Postfix atom","/pack-write.c","146","33","146","39"
"Empty scope",,"warning","This is a Postfix atom","/pack-write.c","150","10","150","39"
"Empty scope",,"warning","This is a Postfix atom","/pack-write.c","159","33","159","39"
"Empty scope",,"warning","This is a Postfix atom","/packfile.c","1527","3","1527","22"
"Empty scope",,"warning","This is a Postfix atom","/packfile.c","1122","3","1122","27"
"Empty scope",,"warning","This is a Postfix atom","/packfile.c","1029","21","1029","37"
"Empty scope",,"warning","This is a Postfix atom","/packfile.c","1035","8","1035","24"
"Empty scope",,"warning","This is a Postfix atom","/packfile.c","904","6","904","16"
"Empty scope",,"warning","This is a Postfix atom","/packfile.c","914","7","914","17"
"Empty scope",,"warning","This is a Postfix atom","/packfile.c","602","3","602","34"
"Empty scope",,"warning","This is a Postfix atom","/parse-options.c","592","40","592","50"
"Empty scope",,"warning","This is a Postfix atom","/parse-options.c","598","41","598","51"
"Empty scope",,"warning","This is a Postfix atom","/parse-options.c","450","4","450","25"
"Empty scope",,"warning","This is a Postfix atom","/parse-options.c","515","3","515","24"
"Empty scope",,"warning","This is a Postfix atom","/parse-options.c","442","20","442","43"
"Empty scope",,"warning","This is a Postfix atom","/parse-options.c","263","4","263","21"
"Empty scope",,"warning","This is a Postfix atom","/patch-delta.c","40","9","40","15"
"Empty scope",,"warning","This is a Postfix atom","/patch-delta.c","43","29","43","35"
"Empty scope",,"warning","This is a Postfix atom","/patch-delta.c","44","31","44","37"
"Empty scope",,"warning","This is a Postfix atom","/patch-delta.c","45","31","45","37"
"Empty scope",,"warning","This is a Postfix atom","/patch-delta.c","46","42","46","48"
"Empty scope",,"warning","This is a Postfix atom","/patch-delta.c","47","30","47","36"
"Empty scope",,"warning","This is a Postfix atom","/patch-delta.c","48","32","48","38"
"Empty scope",,"warning","This is a Postfix atom","/patch-delta.c","49","32","49","38"
"Empty scope",,"warning","This is a Postfix atom","/path.c","1298","9","1298","17"
"Empty scope",,"warning","This is a Postfix atom","/path.c","1299","12","1299","20"
"Empty scope",,"warning","This is a Postfix atom","/path.c","1264","13","1264","16"
"Empty scope",,"warning","This is a Postfix atom","/path.c","1089","12","1089","17"
"Empty scope",,"warning","This is a Postfix atom","/path.c","1092","3","1092","8"
"Empty scope",,"warning","This is a Postfix atom","/path.c","1136","15","1136","20"
"Empty scope",,"warning","This is a Postfix atom","/path.c","1137","4","1137","9"
"Empty scope",,"warning","This is a Postfix atom","/path.c","1139","4","1139","9"
"Empty scope",,"warning","This is a Postfix atom","/path.c","1141","9","1141","14"
"Empty scope",,"warning","This is a Postfix atom","/pathspec.c","126","37","126","48"
"Empty scope",,"warning","This is a Postfix atom","/preload-index.c","47","28","47","33"
"Empty scope",,"warning","This is a Postfix atom","/pretty.c","995","10","995","14"
"Empty scope",,"warning","This is a Postfix atom","/pretty.c","215","15","215","18"
"Empty scope",,"warning","This is a Postfix atom","/pretty.c","194","12","194","17"
"Empty scope",,"warning","This is a Postfix atom","/prio-queue.c","42","2","42","53"
"Empty scope",,"warning","This is a Postfix atom","/quote.c","465","20","465","25"
"Empty scope",,"warning","This is a Postfix atom","/quote.c","469","20","469","25"
"Empty scope",,"warning","This is a Postfix atom","/quote.c","471","14","471","19"
"Empty scope",,"warning","This is a Postfix atom","/quote.c","428","14","428","19"
"Empty scope",,"warning","This is a Postfix atom","/quote.c","410","14","410","19"
"Empty scope",,"warning","This is a Postfix atom","/quote.c","394","14","394","19"
"Empty scope",,"warning","This is a Postfix atom","/quote.c","332","6","332","14"
"Empty scope",,"warning","This is a Postfix atom","/quote.c","340","11","340","19"
"Empty scope",,"warning","This is a Postfix atom","/quote.c","351","17","351","25"
"Empty scope",,"warning","This is a Postfix atom","/quote.c","366","14","366","22"
"Empty scope",,"warning","This is a Postfix atom","/quote.c","369","14","369","22"
"Empty scope",,"warning","This is a Postfix atom","/quote.c","239","23","239","26"
"Empty scope",,"warning","This is a Postfix atom","/quote.c","135","4","135","19"
"Empty scope",,"warning","This is a Postfix atom","/quote.c","86","4","86","9"
"Empty scope",,"warning","This is a Postfix atom","/quote.c","99","5","99","10"
"Empty scope",,"warning","This is a Postfix atom","/quote.c","38","22","38","27"
"Empty scope",,"warning","This is a Postfix atom","/read-cache.c","871","27","871","46"
"Empty scope",,"warning","This is a Postfix atom","/read-cache.c","849","8","849","14"
"Empty scope",,"warning","This is a Postfix atom","/read-cache.c","854","7","854","13"
"Empty scope",,"warning","This is a Postfix atom","/read-cache.c","540","4","540","16"
"Empty scope",,"warning","This is a Postfix atom","/ref-filter.c","1959","4","1959","28"
"Empty scope",,"warning","This is a Postfix atom","/ref-filter.c","1903","2","1903","50"
"Empty scope",,"warning","This is a Postfix atom","/ref-filter.c","1579","2","1579","53"
"Empty scope",,"warning","This is a Postfix atom","/ref-filter.c","1201","41","1201","44"
"Empty scope",,"warning","This is a Postfix atom","/ref-filter.c","1201","21","1201","44"
"Empty scope",,"warning","This is a Postfix atom","/ref-filter.c","1212","9","1212","23"
"Empty scope",,"warning","This is a Postfix atom","/ref-filter.c","1167","41","1167","44"
"Empty scope",,"warning","This is a Postfix atom","/ref-filter.c","1167","21","1167","44"
"Empty scope",,"warning","This is a Postfix atom","/ref-filter.c","1179","11","1179","18"
"Empty scope",,"warning","This is a Postfix atom","/ref-filter.c","1153","3","1153","8"
"Empty scope",,"warning","This is a Postfix atom","/ref-filter.c","1153","12","1153","17"
"Empty scope",,"warning","This is a Postfix atom","/reflog-walk.c","197","2","197","23"
"Empty scope",,"warning","This is a Postfix atom","/refs/files-backend.c","1818","37","1818","40"
"Empty scope",,"warning","This is a Postfix atom","/refs/files-backend.c","1819","37","1819","40"
"Empty scope",,"warning","This is a Postfix atom","/refs/files-backend.c","300","6","300","29"
"Empty scope",,"warning","This is a Postfix atom","/refs/packed-backend.c","793","15","793","18"
"Empty scope",,"warning","This is a Postfix atom","/refs/packed-backend.c","823","7","823","10"
"Empty scope",,"warning","This is a Postfix atom","/refs/ref-cache.c","480","13","480","43"
"Empty scope",,"warning","This is a Postfix atom","/refs/ref-cache.c","308","11","308","27"
"Empty scope",,"warning","This is a Postfix atom","/refs/ref-cache.c","10","2","10","24"
"Empty scope",,"warning","This is a Postfix atom","/refs.c","911","2","911","40"
"Empty scope",,"warning","This is a Postfix atom","/refs.c","697","2","697","6"
"Empty scope",,"warning","This is a Postfix atom","/refs.c","698","14","698","19"
"Empty scope",,"warning","This is a Postfix atom","/refs.c","704","3","704","7"
"Empty scope",,"warning","This is a Postfix atom","/refs.c","708","2","708","6"
"Empty scope",,"warning","This is a Postfix atom","/refs.c","523","7","523","19"
"Empty scope",,"warning","This is a Postfix atom","/refs.c","485","8","485","20"
"Empty scope",,"warning","This is a Postfix atom","/remote-curl.c","1084","5","1084","12"
"Empty scope",,"warning","This is a Postfix atom","/remote-curl.c","1005","4","1005","19"
"Empty scope",,"warning","This is a Postfix atom","/remote-curl.c","890","4","890","23"
"Empty scope",,"warning","This is a Postfix atom","/remote.c","2271","11","2271","31"
"Empty scope",,"warning","This is a Postfix atom","/remote.c","1299","2","1299","22"
"Empty scope",,"warning","This is a Postfix atom","/remote.c","646","18","646","24"
"Empty scope",,"warning","This is a Postfix atom","/remote.c","312","3","312","11"
"Empty scope",,"warning","This is a Postfix atom","/remote.c","232","2","232","28"
"Empty scope",,"warning","This is a Postfix atom","/remote.c","207","2","207","24"
"Empty scope",,"warning","This is a Postfix atom","/remote.c","190","2","190","39"
"Empty scope",,"warning","This is a Postfix atom","/remote.c","177","2","177","22"
"Empty scope",,"warning","This is a Postfix atom","/remote.c","115","2","115","38"
"Empty scope",,"warning","This is a Postfix atom","/remote.c","109","2","109","30"
"Empty scope",,"warning","This is a Postfix atom","/remote.c","103","2","103","50"
"Empty scope",,"warning","This is a Postfix atom","/remote.c","95","2","95","48"
"Empty scope",,"warning","This is a Postfix atom","/rerere.c","979","8","979","26"
"Empty scope",,"warning","This is a Postfix atom","/rerere.c","380","7","380","12"
"Empty scope",,"warning","This is a Postfix atom","/rerere.c","226","7","226","15"
"Empty scope",,"warning","This is a Postfix atom","/revision.c","2578","38","2578","53"
"Empty scope",,"warning","This is a Postfix atom","/revision.c","2318","6","2318","17"
"Empty scope",,"warning","This is a Postfix atom","/revision.c","1749","3","1749","17"
"Empty scope",,"warning","This is a Postfix atom","/revision.c","2094","4","2094","18"
"Empty scope",,"warning","This is a Postfix atom","/revision.c","1387","7","1387","46"
"Empty scope",,"warning","This is a Postfix atom","/revision.c","624","7","624","38"
"Empty scope",,"warning","This is a Postfix atom","/revision.c","562","39","562","54"
"Empty scope",,"warning","This is a Postfix atom","/run-command.c","1246","14","1246","28"
"Empty scope",,"warning","This is a Postfix atom","/send-pack.c","179","4","179","9"
"Empty scope",,"warning","This is a Postfix atom","/send-pack.c","80","3","80","11"
"Empty scope",,"warning","This is a Postfix atom","/send-pack.c","82","3","82","11"
"Empty scope",,"warning","This is a Postfix atom","/send-pack.c","84","3","84","11"
"Empty scope",,"warning","This is a Postfix atom","/send-pack.c","86","3","86","11"
"Empty scope",,"warning","This is a Postfix atom","/send-pack.c","88","3","88","11"
"Empty scope",,"warning","This is a Postfix atom","/sequencer.c","1442","3","1442","31"
"Empty scope",,"warning","This is a Postfix atom","/sequencer.c","1297","18","1297","32"
"Empty scope",,"warning","This is a Postfix atom","/sequencer.c","1224","9","1224","42"
"Empty scope",,"warning","This is a Postfix atom","/sequencer.c","582","27","582","42"
"Empty scope",,"warning","This is a Postfix atom","/sequencer.c","543","23","543","34"
"Empty scope",,"warning","This is a Postfix atom","/sequencer.c","545","34","545","45"
"Empty scope",,"warning","This is a Postfix atom","/sequencer.c","551","23","551","34"
"Empty scope",,"warning","This is a Postfix atom","/sequencer.c","553","34","553","45"
"Empty scope",,"warning","This is a Postfix atom","/sequencer.c","557","23","557","34"
"Empty scope",,"warning","This is a Postfix atom","/sequencer.c","559","34","559","45"
"Empty scope",,"warning","This is a Postfix atom","/sequencer.c","420","34","420","50"
"Empty scope",,"warning","This is a Postfix atom","/server-info.c","151","8","151","21"
"Empty scope",,"warning","This is a Postfix atom","/sh-i18n--envsubst.c","352","5","352","20"
"Empty scope",,"warning","This is a Postfix atom","/sh-i18n--envsubst.c","216","3","216","26"
"Empty scope",,"warning","This is a Postfix atom","/sh-i18n--envsubst.c","128","9","128","17"
"Empty scope",,"warning","This is a Postfix atom","/sha1-array.c","8","10","8","32"
"Empty scope",,"warning","This is a Postfix atom","/sha1_file.c","1252","8","1252","41"
"Empty scope",,"warning","This is a Postfix atom","/sha1_file.c","1012","12","1012","17"
"Empty scope",,"warning","This is a Postfix atom","/sha1_file.c","1039","9","1039","14"
"Empty scope",,"warning","This is a Postfix atom","/sha1_file.c","206","25","206","58"
"Empty scope",,"warning","This is a Postfix atom","/sha1_file.c","216","32","216","65"
"Empty scope",,"warning","This is a Postfix atom","/sha1_file.c","232","44","232","77"
"Empty scope",,"warning","This is a Postfix atom","/sha1_file.c","68","36","68","44"
"Empty scope",,"warning","This is a Postfix atom","/sha1_name.c","949","21","949","25"
"Empty scope",,"warning","This is a Postfix atom","/sha1_name.c","537","11","537","17"
"Empty scope",,"warning","This is a Postfix atom","/shallow.c","573","3","573","23"
"Empty scope",,"warning","This is a Postfix atom","/shallow.c","575","3","575","23"
"Empty scope",,"warning","This is a Postfix atom","/shallow.c","402","4","402","30"
"Empty scope",,"warning","This is a Postfix atom","/shallow.c","404","4","404","34"
"Empty scope",,"warning","This is a Postfix atom","/shallow.c","91","16","91","34"
"Empty scope",,"warning","This is a Postfix atom","/split-index.c","239","5","239","25"
"Empty scope",,"warning","This is a Postfix atom","/split-index.c","249","4","249","24"
"Empty scope",,"warning","This is a Postfix atom","/strbuf.c","910","5","910","16"
"Empty scope",,"warning","This is a Postfix atom","/strbuf.c","913","12","913","23"
"Empty scope",,"warning","This is a Postfix atom","/strbuf.c","656","13","656","16"
"Empty scope",,"warning","This is a Postfix atom","/strbuf.c","150","8","150","11"
"Empty scope",,"warning","This is a Postfix atom","/strbuf.c","135","3","135","11"
"Empty scope",,"warning","This is a Postfix atom","/strbuf.c","7","11","7","25"
"Empty scope",,"warning","This is a Postfix atom","/string-list.c","213","12","213","34"
"Empty scope",,"warning","This is a Postfix atom","/string-list.c","142","4","142","21"
"Empty scope",,"warning","This is a Postfix atom","/string-list.c","120","5","120","22"
"Empty scope",,"warning","This is a Postfix atom","/t/helper/test-genrandom.c","22","11","22","14"
"Empty scope",,"warning","This is a Postfix atom","/t/helper/test-ref-store.c","287","9","287","15"
"Empty scope",,"warning","This is a Postfix atom","/t/helper/test-ref-store.c","231","28","231","34"
"Empty scope",,"warning","This is a Postfix atom","/t/helper/test-ref-store.c","232","32","232","38"
"Empty scope",,"warning","This is a Postfix atom","/t/helper/test-ref-store.c","233","37","233","43"
"Empty scope",,"warning","This is a Postfix atom","/t/helper/test-ref-store.c","234","37","234","43"
"Empty scope",,"warning","This is a Postfix atom","/t/helper/test-ref-store.c","235","33","235","39"
"Empty scope",,"warning","This is a Postfix atom","/t/helper/test-ref-store.c","217","28","217","34"
"Empty scope",,"warning","This is a Postfix atom","/t/helper/test-ref-store.c","218","32","218","38"
"Empty scope",,"warning","This is a Postfix atom","/t/helper/test-ref-store.c","219","33","219","39"
"Empty scope",,"warning","This is a Postfix atom","/t/helper/test-ref-store.c","220","33","220","39"
"Empty scope",,"warning","This is a Postfix atom","/t/helper/test-ref-store.c","205","32","205","38"
"Empty scope",,"warning","This is a Postfix atom","/t/helper/test-ref-store.c","192","32","192","38"
"Empty scope",,"warning","This is a Postfix atom","/t/helper/test-ref-store.c","193","31","193","37"
"Empty scope",,"warning","This is a Postfix atom","/t/helper/test-ref-store.c","185","32","185","38"
"Empty scope",,"warning","This is a Postfix atom","/t/helper/test-ref-store.c","178","32","178","38"
"Empty scope",,"warning","This is a Postfix atom","/t/helper/test-ref-store.c","171","32","171","38"
"Empty scope",,"warning","This is a Postfix atom","/t/helper/test-ref-store.c","144","32","144","38"
"Empty scope",,"warning","This is a Postfix atom","/t/helper/test-ref-store.c","131","32","131","38"
"Empty scope",,"warning","This is a Postfix atom","/t/helper/test-ref-store.c","132","32","132","38"
"Empty scope",,"warning","This is a Postfix atom","/t/helper/test-ref-store.c","123","31","123","37"
"Empty scope",,"warning","This is a Postfix atom","/t/helper/test-ref-store.c","107","31","107","37"
"Empty scope",,"warning","This is a Postfix atom","/t/helper/test-ref-store.c","108","31","108","37"
"Empty scope",,"warning","This is a Postfix atom","/t/helper/test-ref-store.c","109","23","109","29"
"Empty scope",,"warning","This is a Postfix atom","/t/helper/test-ref-store.c","95","33","95","39"
"Empty scope",,"warning","This is a Postfix atom","/t/helper/test-ref-store.c","96","20","96","26"
"Empty scope",,"warning","This is a Postfix atom","/t/helper/test-ref-store.c","100","33","100","39"
"Empty scope",,"warning","This is a Postfix atom","/t/helper/test-ref-store.c","86","32","86","38"
"Empty scope",,"warning","This is a Postfix atom","/t/helper/test-ref-store.c","87","31","87","37"
"Empty scope",,"warning","This is a Postfix atom","/t/helper/test-ref-store.c","88","23","88","29"
"Empty scope",,"warning","This is a Postfix atom","/t/helper/test-ref-store.c","74","32","74","38"
"Empty scope",,"warning","This is a Postfix atom","/t/helper/test-ref-store.c","67","33","67","39"
"Empty scope",,"warning","This is a Postfix atom","/t/helper/test-regex.c","54","8","54","14"
"Empty scope",,"warning","This is a Postfix atom","/t/helper/test-regex.c","55","8","55","14"
"Empty scope",,"warning","This is a Postfix atom","/tag.c","131","82","131","90"
"Empty scope",,"warning","This is a Postfix atom","/tag.c","104","23","104","28"
"Empty scope",,"warning","This is a Postfix atom","/tag.c","109","23","109","28"
"Empty scope",,"warning","This is a Postfix atom","/trailer.c","923","12","923","24"
"Empty scope",,"warning","This is a Postfix atom","/transport-helper.c","704","3","704","8"
"Empty scope",,"warning","This is a Postfix atom","/transport-helper.c","187","4","187","25"
"Empty scope",,"warning","This is a Postfix atom","/transport.c","1121","3","1121","19"
"Empty scope",,"warning","This is a Postfix atom","/transport.c","1134","4","1134","20"
"Empty scope",,"warning","This is a Postfix atom","/tree-walk.c","705","8","705","31"
"Empty scope",,"warning","This is a Postfix atom","/tree-walk.c","16","14","16","19"
"Empty scope",,"warning","This is a Postfix atom","/unpack-trees.c","656","4","656","16"
"Empty scope",,"warning","This is a Postfix atom","/unpack-trees.c","647","21","647","38"
"Empty scope",,"warning","This is a Postfix atom","/upload-pack.c","231","5","231","9"
"Empty scope",,"warning","This is a Postfix atom","/url.c","22","35","22","40"
"Empty scope",,"warning","This is a Postfix atom","/url.c","25","28","25","33"
"Empty scope",,"warning","This is a Postfix atom","/urlmatch.c","561","51","561","58"
"Empty scope",,"warning","This is a Postfix atom","/urlmatch.c","172","31","172","36"
"Empty scope",,"warning","This is a Postfix atom","/urlmatch.c","253","31","253","36"
"Empty scope",,"warning","This is a Postfix atom","/urlmatch.c","40","12","40","18"
"Empty scope",,"warning","This is a Postfix atom","/usage.c","139","8","139","21"
"Empty scope",,"warning","This is a Postfix atom","/usage.c","139","25","139","32"
"Empty scope",,"warning","This is a Postfix atom","/usage.c","142","4","142","17"
"Empty scope",,"warning","This is a Postfix atom","/userdiff.c","235","10","235","28"
"Empty scope",,"warning","This is a Postfix atom","/utf8.c","15","6","15","9"
"Empty scope",,"warning","This is a Postfix atom","/utf8.c","17","6","17","9"
"Empty scope",,"warning","This is a Postfix atom","/utf8.c","21","6","21","9"
"Empty scope",,"warning","This is a Postfix atom","/varint.c","7","20","7","25"
"Empty scope",,"warning","This is a Postfix atom","/varint.c","13","7","13","12"
"Empty scope",,"warning","This is a Postfix atom","/vcs-svn/svndiff.c","207","34","207","42"
"Empty scope",,"warning","This is a Postfix atom","/vcs-svn/svndiff.c","190","27","190","48"
"Empty scope",,"warning","This is a Postfix atom","/versioncmp.c","147","7","147","11"
"Empty scope",,"warning","This is a Postfix atom","/versioncmp.c","148","7","148","11"
"Empty scope",,"warning","This is a Postfix atom","/versioncmp.c","157","8","157","12"
"Empty scope",,"warning","This is a Postfix atom","/versioncmp.c","158","8","158","12"
"Empty scope",,"warning","This is a Postfix atom","/versioncmp.c","184","19","184","23"
"Empty scope",,"warning","This is a Postfix atom","/versioncmp.c","185","18","185","22"
"Empty scope",,"warning","This is a Postfix atom","/walker.c","232","4","232","12"
"Empty scope",,"warning","This is a Postfix atom","/wildmatch.c","60","31","60","41"
"Empty scope",,"warning","This is a Postfix atom","/worktree.c","140","2","140","16"
"Empty scope",,"warning","This is a Postfix atom","/worktree.c","153","5","153","19"
"Empty scope",,"warning","This is a Postfix atom","/ws.c","359","10","359","33"
"Empty scope",,"warning","This is a Postfix atom","/ws.c","267","9","267","17"
"Empty scope",,"warning","This is a Postfix atom","/wt-status.c","2134","8","2134","26"
"Empty scope",,"warning","This is a Postfix atom","/wt-status.c","1013","3","1013","26"
"Empty scope",,"warning","This is a Postfix atom","/wt-status.c","1014","3","1014","26"
"Empty scope",,"warning","This is a Postfix atom","/wt-status.c","490","8","490","26"
"Empty scope",,"warning","This is a Postfix atom","/xdiff/xdiffi.c","953","67","953","76"
"Empty scope",,"warning","This is a Postfix atom","/xdiff/xdiffi.c","771","3","771","23"
"Empty scope",,"warning","This is a Postfix atom","/xdiff/xdiffi.c","772","3","772","21"
"Empty scope",,"warning","This is a Postfix atom","/xdiff/xdiffi.c","276","63","276","76"
"Empty scope",,"warning","This is a Postfix atom","/xdiff/xdiffi.c","277","71","277","84"
"Empty scope",,"warning","This is a Postfix atom","/xdiff/xdiffi.c","105","57","105","66"
"Empty scope",,"warning","This is a Postfix atom","/xdiff/xdiffi.c","140","65","140","74"
"Empty scope",,"warning","This is a Postfix atom","/xdiff/xemit.c","272","41","272","50"
"Empty scope",,"warning","This is a Postfix atom","/xdiff/xhistogram.c","277","19","277","29"
"Empty scope",,"warning","This is a Postfix atom","/xdiff/xhistogram.c","281","19","281","29"
"Empty scope",,"warning","This is a Postfix atom","/xdiff/xhistogram.c","327","20","327","30"
"Empty scope",,"warning","This is a Postfix atom","/xdiff/xhistogram.c","329","20","329","30"
"Empty scope",,"warning","This is a Postfix atom","/xdiff/xmerge.c","408","14","408","23"
"Empty scope",,"warning","This is a Postfix atom","/xdiff/xmerge.c","401","30","401","37"
"Empty scope",,"warning","This is a Postfix atom","/xdiff/xmerge.c","225","4","225","15"
"Empty scope",,"warning","This is a Postfix atom","/xdiff/xmerge.c","226","3","226","14"
"Empty scope",,"warning","This is a Postfix atom","/xdiff/xmerge.c","246","5","246","16"
"Empty scope",,"warning","This is a Postfix atom","/xdiff/xmerge.c","247","4","247","15"
"Empty scope",,"warning","This is a Postfix atom","/xdiff/xmerge.c","259","4","259","15"
"Empty scope",,"warning","This is a Postfix atom","/xdiff/xmerge.c","260","3","260","14"
"Empty scope",,"warning","This is a Postfix atom","/xdiff/xmerge.c","277","4","277","15"
"Empty scope",,"warning","This is a Postfix atom","/xdiff/xmerge.c","278","3","278","14"
"Empty scope",,"warning","This is a Postfix atom","/xdiff/xmerge.c","122","33","122","41"
"Empty scope",,"warning","This is a Postfix atom","/xdiff/xpatience.c","314","19","314","29"
"Empty scope",,"warning","This is a Postfix atom","/xdiff/xpatience.c","318","19","318","29"
"Empty scope",,"warning","This is a Postfix atom","/xdiff/xpatience.c","330","19","330","29"
"Empty scope",,"warning","This is a Postfix atom","/xdiff/xpatience.c","332","19","332","29"
"Empty scope",,"warning","This is a Postfix atom","/xdiff/xpatience.c","150","3","150","15"
"Empty scope",,"warning","This is a Postfix atom","/xdiff/xpatience.c","154","3","154","15"
"Empty scope",,"warning","This is a Postfix atom","/xdiff/xprepare.c","455","7","455","18"
"Empty scope",,"warning","This is a Postfix atom","/xdiff/xprepare.c","455","7","455","27"
"Empty scope",,"warning","This is a Postfix atom","/xdiff/xprepare.c","463","33","463","44"
"Empty scope",,"warning","This is a Postfix atom","/xdiff/xprepare.c","463","33","463","53"
"Empty scope",,"warning","This is a Postfix atom","/xdiff/xprepare.c","401","76","401","86"
"Empty scope",,"warning","This is a Postfix atom","/xdiff/xprepare.c","409","76","409","86"
"Empty scope",,"warning","This is a Postfix atom","/xdiff/xprepare.c","416","24","416","34"
"Empty scope",,"warning","This is a Postfix atom","/xdiff/xprepare.c","428","24","428","34"
"Empty scope",,"warning","This is a Postfix atom","/xdiff/xprepare.c","210","4","210","15"
"Empty scope",,"warning","This is a Postfix atom","/xdiff/xprepare.c","130","3","130","26"
"Empty scope",,"warning","This is a Postfix atom","/xdiff/xprepare.c","148","2","148","44"
"Empty scope",,"warning","This is a Postfix atom","/xdiff/xutils.c","346","3","346","11"
"Empty scope",,"warning","This is a Postfix atom","/xdiff/xutils.c","352","2","352","10"
"Empty scope",,"warning","This is a Postfix atom","/xdiff/xutils.c","304","16","304","27"
"Empty scope",,"warning","This is a Postfix atom","/xdiff/xutils.c","307","3","307","8"
"Empty scope",,"warning","This is a Postfix atom","/xdiff/xutils.c","286","63","286","79"
"Empty scope",,"warning","This is a Postfix atom","/xdiff/xutils.c","181","8","181","15"
"Empty scope",,"warning","This is a Postfix atom","/xdiff/xutils.c","181","20","181","27"
"Empty scope",,"warning","This is a Postfix atom","/xdiff/xutils.c","199","8","199","15"
"Empty scope",,"warning","This is a Postfix atom","/xdiff/xutils.c","199","20","199","27"
"Empty scope",,"warning","This is a Postfix atom","/xdiff-interface.c","121","7","121","21"
"Empty scope",,"warning","This is a Postfix atom","/xdiff-interface.c","46","6","46","10"
"Empty scope",,"warning","This is a Postfix atom","/xdiff-interface.c","46","22","46","26"
"Empty scope",,"warning","This is a Postfix atom","/xdiff-interface.c","21","20","21","24"
